cluster_index,SpectrumIdentities
1,"['HDPE' 'HDPE' 'HDPE' ... 'R 6. Black Bike Tire Fragment'
 'R 8. White Bike Tire Fragment' 'R 9. Grey Rubber Fragment']"
2,"['2-Benzylaminopyridine 90-180um' 'Pyrite'
 '2-Benzylaminopyridine 90-180um' 'Ammonium phosphate monobasic' 'Adamite'
 'Aeschynite-(Y)' 'Alabandite' 'Allactite' 'Antimony' 'Antimony'
 'Argandite' 'Argyrodite' 'Arsenic' 'Arsenolite' 'Arsenopyrite'
 'Baumhauerite' 'Berthierite' 'Betekhtinite' 'Bismuth' 'Bixbyite'
 'Boleite' 'Bornite' 'Boulangerite' 'Boulangerite' 'Bournonite'
 'Bournonite' 'Brookite' 'Brookite' 'Carrollite' 'Carrollite'
 'Cassiterite' 'Cassiterite' 'Chalcocite' 'Chalcopyrite' 'Chalcopyrite'
 'Chalcopyrite' 'Chlorargyrite' 'Cinnabar' 'Columbite-(Fe)'
 'Columbite-(Mn)' 'Columbite-(Mn)' 'Conichalcite' 'Corundum' 'Corundum'
 'Crocoite' 'Crocoite' 'Cuprite' 'Cuprite' 'Cylindrite' 'Cylindrite'
 'Delafossite' 'Descloizite' 'Descloizite' 'Enargite' 'Enargite'
 'Enargite' 'Euxenite-(Y)' 'Ferberite' 'Ferberite' 'Ferberite'
 'Fergusonite-(Ce)-beta' 'Fluorcalciomicrolite' 'Fluorite' 'Franklinite'
 'Ganomalite' 'Germanite' 'Gersdorffite-P213' 'Goethite' 'Graphite'
 'Gratonite' 'Greenockite' 'Halite' 'Hausmannite' 'Hausmannite' 'Hematite'
 'Hematite' 'Hematite' 'Hubnerite' 'Hubnerite' 'Jamesonite' 'Jamesonite'
 'Jamesonite' 'Jamesonite' 'Leiteite' 'Lepidocrocite' 'Lindgrenite'
 'Livingstonite' 'Livingstonite' 'Magnesiochromite' 'Magnetite'
 'Magnetoplumbite' 'Melanovanadite' 'Meneghinite' 'Miargyrite' 'Mimetite'
 'Mimetite' 'Minium' 'Molybdenite' 'Mottramite' 'Paramontroseite'
 'Pearceite' 'Pearceite' 'Petzite' 'Phosgenite' 'Polydymite' 'Powellite'
 'Pyrargyrite' 'Pyrargyrite' 'Pyrite' 'Pyrolusite' 'Ramsdellite'
 'Renierite' 'Renierite' 'Rutile' 'Rutile' 'Rutile' 'Salesite'
 'Samarskite-(Y)' 'Schreibersite' 'Senarmontite' 'Siegenite' 'Simpsonite'
 'Skutterudite' 'Sphalerite' 'Sphalerite' 'Sphalerite' 'Sphalerite'
 'Sphalerite' 'Spinel' 'Spinel' 'Spinel' 'Spinel' 'Stannite' 'Stephanite'
 'Stephanite' 'Stibarsen' 'Stibiotantalite' 'Stibnite' 'Stibnite'
 'Sulphur' 'Sulphur' 'Sylvite' 'Tantalite-(Mn)' 'Tapiolite-(Fe)'
 'Teallite' 'Tennantite-(Zn)' 'Tennantite-(Zn)' 'Tennantite-(Zn)'
 'Tetrahedrite-(Zn)' 'Tetrahedrite-(Zn)' 'Tiemannite' 'Ullmannite'
 'Valentinite' 'Vanadinite' 'Vanadinite' 'Vanadinite' 'Vanadinite'
 'Vanadinite' 'Vladimirivanovite' 'Vonsenite' 'Wittichenite' 'Wulfenite'
 'Wulfenite' 'Yttrotantalite-(Y)' 'Yukonite' 'Zincite'
 'berlinerblau - prussian blue' 'Ammonium oxalate'
 ' Amorphous calcium iron phosphate, opal (Molpadia)' 'Anglesite (Wards)'
 'Anthracite (Wards)' ' Asphalt (Dead Sea, Israel)'
 'Asphalt (Hasbeya; A. Nissenbaum)'
 ' Asphalt (Nahal Heimar, Israel; A. Nissenbaum)' 'BaCl_07_01_08'
 ' Bindheimite, Olsa, Carinthia, Austria.'
 ' Birnessite (Zacatacas, Mexico; NHMOHBM 1962 97)'
 'Bitumen (Iraq 9053; Nissenbaum)' 'Brucite (Wards)' 'Cassiterite (Wards)'
 'Cerussite (Wards)' 'R-17a III Bf' 'Charcoal (Wood fresh)'
 'Cinnabar (Wards)' 'coal' 'Coal-KBr' 'Copper oxide' 'Corundum'
 'Cuprite (Wards)' 'Diatomite (Silica) ELT-Pc 47-15' 'Egg yolk'
 'Ferrihydrite ii (T. Berger)' 'Fluorite (Wards)' 'Galena (Wards)'
 'Glass altered surface Roman (Tel Dor) 3' 'Goethite (E.Olsen)'
 'Goethite synthetic (Nir)' 'Goethite' 'Graphite (Wards)'
 ' Hausmannite (NMNH 93775, Pfeffer, Independence Co., Arkansas)'
 'Hematite synthetic' 'Hematita_III' '5490Humic' '4'
 ' Hydrocerrussite (Merehead quarry, Somerset; NHM1970.108)'
 ""Ilmenite-Ward's-45-E-3330-37-KBr"" 'Ilmenite (Wards)'
 'Jet (England; A. Nissenbaum)'
 ' Lepidocrocite (Srega, Germany; NHM58144)' 'Limonite (Wards)'
 'Mackinawite (Italy;NHM OHBM 1969.176)'
 'Magnesium oxide (Merck) 225-4000' 'Magnesium oxide (Merck)'
 'Magnesium sulfate heptahydrate (Epsom Salt)' 'Magnetite'
 'Manganese oxide' 'RED OCHRE FROM GRINDING STONE GRID 38'
 ' Opal -A (Thousand Oaks, California)' 'Orpiment' '*paralloid'
 ' MgO (Merck) open since 6.3.07, today: 14.3.07' 'perspex'
 'REcent Pollen 1' 'Potassium phosphate' 'Pyrite (Wards)'
 'Pyrolusite (Wards)' 'Pyrrhotite (Wards)' '*seed apium nodiflorum'
 'seed cladium mariscus' 'Sodium fluoride (Merck)' 'Sphalerite (Wards)'
 'Stannite (Wards)' 'Sulfur' 'Sulphur'
 'Todorokite (South Africa; NHM1975.374)'
 'Adamite__R050020-1__Infrared__Infrared_Data_Processed__196'
 'AeschyniteY__R080045-1__Infrared__Infrared_Data_Processed__1015'
 'Alabandite__R070174-1__Infrared__Infrared_Data_Processed__1054'
 'Allactite__R070175-1__Infrared__Infrared_Data_Processed__1046'
 'Antimony__R050654-1__Infrared__Infrared_Data_Processed__824'
 'Antimony__R050654-1__Infrared__Infrared_Data_Processed__946'
 'Argyrodite__R050437-1__Infrared__Infrared_Data_Processed__606'
 'Arsenic__R050653-1__Infrared__Infrared_Data_Processed__827'
 'Arsenolite__R050383-1__Infrared__Infrared_Data_Processed__1227'
 'Arsenopyrite__R050071-1__Infrared__Infrared_Data_Processed__215'
 'Baumhauerite__R050429-1__Infrared__Infrared_Data_Processed__612'
 'Berthierite__R070177-1__Infrared__Infrared_Data_Processed__1045'
 'Betekhtinite__R070087-1__Infrared__Infrared_Data_Processed__1053'
 'Bismuth__R050650-1__Infrared__Infrared_Data_Processed__616'
 'Bixbyite__R050395-1__Infrared__Infrared_Data_Processed__617'
 'Boleite__R050022-1__Infrared__Infrared_Data_Processed__222'
 'Bornite__R050322-1__Infrared__Infrared_Data_Processed__618'
 'Boulangerite__R050436-9__Infrared__Infrared_Data_Processed__619'
 'Boulangerite__R050441-1__Infrared__Infrared_Data_Processed__620'
 'Bournonite__R050111-1__Infrared__Infrared_Data_Processed__771'
 'Bournonite__R050364-1__Infrared__Infrared_Data_Processed__621'
 'Brookite__R050363-1__Infrared__Infrared_Data_Processed__627'
 'Brookite__R050591-1__Infrared__Infrared_Data_Processed__626'
 'Carrollite__R040165-1__Infrared__Infrared_Data_Processed__227'
 'Carrollite__R050089-1__Infrared__Infrared_Data_Processed__228'
 'Cassiterite__R040017-1__Infrared__Infrared_Data_Processed__1012'
 'Cassiterite__R040072-1__Infrared__Infrared_Data_Processed__229'
 'Chalcocite__R050067-1__Infrared__Infrared_Data_Processed__236'
 'Chalcopyrite__R050208-1__Infrared__Infrared_Data_Processed__850'
 'Chalcopyrite__R050222-1__Infrared__Infrared_Data_Processed__897'
 'Chalcopyrite__R050559-1__Infrared__Infrared_Data_Processed__631'
 'Chlorargyrite__R050360-1__Infrared__Infrared_Data_Processed__632'
 'Cinnabar__R050072-1__Infrared__Infrared_Data_Processed__239'
 'ColumbiteFe__R050348-1__Infrared__Infrared_Data_Processed__661'
 'ColumbiteMn__R040083-1__Infrared__Infrared_Data_Processed__1008'
 'ColumbiteMn__R050359-1__Infrared__Infrared_Data_Processed__513'
 'Conichalcite__R050028-1__Infrared__Infrared_Data_Processed__263'
 'Corundum__R040096-1__Infrared__Infrared_Data_Processed__246'
 'Corundum__R060020-1__Infrared__Infrared_Data_Processed__1174'
 'Crocoite__R040053-1__Infrared__Infrared_Data_Processed__247'
 'Crocoite__R050044-1__Infrared__Infrared_Data_Processed__248'
 'Cuprite__R050374-1__Infrared__Infrared_Data_Processed__636'
 'Cuprite__R050384-1__Infrared__Infrared_Data_Processed__637'
 'Cylindrite__R050175-1__Infrared__Infrared_Data_Processed__1226'
 'Cylindrite__R050329-1__Infrared__Infrared_Data_Processed__639'
 'Delafossite__R050403-1__Infrared__Infrared_Data_Processed__643'
 'Descloizite__R050037-1__Infrared__Infrared_Data_Processed__252'
 'Descloizite__R050509-1__Infrared__Infrared_Data_Processed__644'
 'Enargite__R050373-1__Infrared__Infrared_Data_Processed__651'
 'Enargite__R050435-1__Infrared__Infrared_Data_Processed__652'
 'Enargite__R050442-1__Infrared__Infrared_Data_Processed__653'
 'EuxeniteY__R080101-1__Infrared__Infrared_Data_Processed__1016'
 'Ferberite__R040044-1__Infrared__Infrared_Data_Processed__271'
 'Ferberite__R050090-1__Infrared__Infrared_Data_Processed__272'
 'Ferberite__R050632-1__Infrared__Infrared_Data_Processed__659'
 'FergusoniteCebeta__R080102-1__Infrared__Infrared_Data_Processed__1018'
 'Fluorcalciomicrolite__R050625-1__Infrared__Infrared_Data_Processed__690'
 'Fluorite__R040099-1__Infrared__Infrared_Data_Processed__280'
 'Franklinite__R070137-1__Infrared__Infrared_Data_Processed__1040'
 'Ganomalite__R050387-9__Infrared__Infrared_Data_Processed__668'
 'Germanite__R050439-1__Infrared__Infrared_Data_Processed__670'
 'GersdorffiteP213__R070304-1__Infrared__Infrared_Data_Processed__1013'
 'Goethite__R050142-1__Infrared__Infrared_Data_Processed__781'
 'Graphite__R050503-1__Infrared__Infrared_Data_Processed__671'
 'Gratonite__R050365-1__Infrared__Infrared_Data_Processed__672'
 'Greenockite__R090045-1__Infrared__Infrared_Data_Processed__1017'
 'Halite__R070292-1__Infrared__Infrared_Data_Processed__1028'
 'Hausmannite__R040090-1__Infrared__Infrared_Data_Processed__292'
 'Hausmannite__R040091-1__Infrared__Infrared_Data_Processed__293'
 'Hematite__R040024-1__Infrared__Infrared_Data_Processed__295'
 'Hematite__R050300-1__Infrared__Infrared_Data_Processed__676'
 'Hematite__R070240-1__Infrared__Infrared_Data_Processed__995'
 'Hubnerite__R050069-1__Infrared__Infrared_Data_Processed__1223'
 'Hubnerite__R050556-1__Infrared__Infrared_Data_Processed__678'
 'Jamesonite__R050430-1__Infrared__Infrared_Data_Processed__679'
 'Jamesonite__R050431-1__Infrared__Infrared_Data_Processed__680'
 'Jamesonite__R050432-1__Infrared__Infrared_Data_Processed__1251'
 'Jamesonite__R050481-1__Infrared__Infrared_Data_Processed__863'
 'Leiteite__R040011-1__Infrared__Infrared_Data_Processed__305'
 'Lepidocrocite__R050454-1__Infrared__Infrared_Data_Processed__964'
 'Lindgrenite__R050213__Infrared__Infrared_Data_Processed__1238'
 'Livingstonite__R050427-1__Infrared__Infrared_Data_Processed__685'
 'Livingstonite__R050453-1__Infrared__Infrared_Data_Processed__954'
 'Magnesiochromite__R050399-1__Infrared__Infrared_Data_Processed__686'
 'Magnetite__R080025-1__Infrared__Infrared_Data_Processed__1025'
 'Magnetoplumbite__R060074-1__Infrared__Infrared_Data_Processed__1195'
 'Melanovanadite__R050555-1__Infrared__Infrared_Data_Processed__689'
 'Meneghinite__R070093-1__Infrared__Infrared_Data_Processed__980'
 'Miargyrite__R050480-1__Infrared__Infrared_Data_Processed__917'
 'Mimetite__R050007-1__Infrared__Infrared_Data_Processed__312'
 'Mimetite__R050527-1__Infrared__Infrared_Data_Processed__691'
 'Minium__R050426-1__Infrared__Infrared_Data_Processed__692'
 'Molybdenite__R050209-1__Infrared__Infrared_Data_Processed__913'
 'Mottramite__R050517-1__Infrared__Infrared_Data_Processed__1241'
 'Paramontroseite__R050391-1__Infrared__Infrared_Data_Processed__700'
 'Pearceite__R050310-1__Infrared__Infrared_Data_Processed__762'
 'Pearceite__R050611-9__Infrared__Infrared_Data_Processed__662'
 'Petzite__R070254-1__Infrared__Infrared_Data_Processed__1034'
 'Phosgenite__R050640-1__Infrared__Infrared_Data_Processed__704'
 'Polydymite__R050609-1__Infrared__Infrared_Data_Processed__705'
 'Powellite__R050355-1__Infrared__Infrared_Data_Processed__706'
 'Pyrargyrite__R050290-1__Infrared__Infrared_Data_Processed__1243'
 'Pyrargyrite__R050318-1__Infrared__Infrared_Data_Processed__710'
 'Pyrite__R050070-1__Infrared__Infrared_Data_Processed__341'
 'Pyrolusite__R050361-1__Infrared__Infrared_Data_Processed__711'
 'Ramsdellite__R050552-1__Infrared__Infrared_Data_Processed__713'
 'Renierite__R050428-1__Infrared__Infrared_Data_Processed__600'
 'Renierite__R050433-1__Infrared__Infrared_Data_Processed__714'
 'Rutile__R040049-1__Infrared__Infrared_Data_Processed__354'
 'Rutile__R050031-1__Infrared__Infrared_Data_Processed__355'
 'Rutile__R050417-1__Infrared__Infrared_Data_Processed__716'
 'Salesite__R050170-1__Infrared__Infrared_Data_Processed__1255'
 'SamarskiteY__R070161-1__Infrared__Infrared_Data_Processed__978'
 'Schreibersite__R070239-1__Infrared__Infrared_Data_Processed__992'
 'Senarmontite__R060002-1__Infrared__Infrared_Data_Processed__834'
 'Siegenite__R050092-1__Infrared__Infrared_Data_Processed__362'
 'Simpsonite__R050629-1__Infrared__Infrared_Data_Processed__721'
 'Skutterudite__R050593-1__Infrared__Infrared_Data_Processed__554'
 'Sphalerite__R040136-1__Infrared__Infrared_Data_Processed__69'
 'Sphalerite__R050005-1__Infrared__Infrared_Data_Processed__366'
 'Sphalerite__R050140-1__Infrared__Infrared_Data_Processed__794'
 'Sphalerite__R050237-1__Infrared__Infrared_Data_Processed__902'
 'Sphalerite__R060005-1__Infrared__Infrared_Data_Processed__820'
 'Spinel__R050184-1__Infrared__Infrared_Data_Processed__884'
 'Spinel__R050392-1__Infrared__Infrared_Data_Processed__723'
 'Spinel__R050411-1__Infrared__Infrared_Data_Processed__724'
 'Spinel__R070013-1__Infrared__Infrared_Data_Processed__1056'
 'Stannite__R050187-9__Infrared__Infrared_Data_Processed__848'
 'Stephanite__R050143-1__Infrared__Infrared_Data_Processed__795'
 'Stephanite__R050309-1__Infrared__Infrared_Data_Processed__725'
 'Stibarsen__R070299-1__Infrared__Infrared_Data_Processed__1023'
 'Stibiotantalite__R050599-1__Infrared__Infrared_Data_Processed__726'
 'Stibnite__R050016-1__Infrared__Infrared_Data_Processed__1027'
 'Stibnite__R050066-1__Infrared__Infrared_Data_Processed__1231'
 'Sulphur__R040135-1__Infrared__Infrared_Data_Processed__70'
 'Sulphur__R050006-1__Infrared__Infrared_Data_Processed__371'
 'Sylvite__R050166-1__Infrared__Infrared_Data_Processed__864'
 'TantaliteMn__R050600-1__Infrared__Infrared_Data_Processed__688'
 'TapioliteFe__R050358-9__Infrared__Infrared_Data_Processed__687'
 'Teallite__R050434-1__Infrared__Infrared_Data_Processed__730'
 'Tennantite__R050438-1__Infrared__Infrared_Data_Processed__731'
 'Tennantite__R050474-1__Infrared__Infrared_Data_Processed__952'
 'Tennantite__R050558-1__Infrared__Infrared_Data_Processed__732'
 'Tetrahedrite__R040164-1__Infrared__Infrared_Data_Processed__374'
 'Tetrahedrite__R050302-1__Infrared__Infrared_Data_Processed__1225'
 'Tiemannite__R050550-1__Infrared__Infrared_Data_Processed__734'
 'Ullmannite__R050247-1__Infrared__Infrared_Data_Processed__908'
 'Valentinite__R050389-1__Infrared__Infrared_Data_Processed__1237'
 'Vanadinite__R050171-1__Infrared__Infrared_Data_Processed__1222'
 'Vanadinite__R050189-1__Infrared__Infrared_Data_Processed__868'
 'Vanadinite__R050376-1__Infrared__Infrared_Data_Processed__745'
 'Vanadinite__R050530-1__Infrared__Infrared_Data_Processed__743'
 'Vanadinite__R050533-1__Infrared__Infrared_Data_Processed__744'
 'Vladimirivanovite__R130034__Infrared__Infrared_Data_Processed__1262'
 'Vonsenite__R050221-1__Infrared__Infrared_Data_Processed__888'
 'Wittichenite__R050327-1__Infrared__Infrared_Data_Processed__1242'
 'Wulfenite__R050024-1__Infrared__Infrared_Data_Processed__333'
 'Wulfenite__R050501-1__Infrared__Infrared_Data_Processed__753'
 'YttrotantaliteY__R060022-1__Infrared__Infrared_Data_Processed__802'
 'Zincite__R050419-1__Infrared__Infrared_Data_Processed__757']"
3,"['HDPE' 'HDPE' 'HDPE' 'HDPE' 'HDPE' 'HDPE' 'HDPE' 'HDPE' 'HDPE' 'HDPE'
 'HDPE' 'HDPE' 'HDPE' 'HDPE' 'HDPE' 'HDPE' 'HDPE' 'HDPE' 'HDPE' 'HDPE'
 'HDPE' 'HDPE' 'HDPE' 'HDPE' 'HDPE' 'HDPE' 'HDPE' 'HDPE' 'HDPE' 'HDPE'
 'HDPE' 'HDPE' 'HDPE' 'HDPE' 'HDPE' 'HDPE' 'HDPE' 'HDPE' 'HDPE' 'HDPE'
 'HDPE' 'HDPE' 'HDPE' 'HDPE' 'HDPE' 'HDPE' 'HDPE' 'HDPE' 'HDPE' 'HDPE'
 'HDPE' 'HDPE' 'HDPE' 'HDPE' 'HDPE' 'HDPE' 'HDPE' 'HDPE' 'HDPE' 'HDPE'
 'HDPE' 'HDPE' 'HDPE' 'HDPE' 'HDPE' 'HDPE' 'HDPE' 'HDPE' 'HDPE' 'HDPE'
 'HDPE' 'HDPE' 'HDPE' 'HDPE' 'HDPE' 'HDPE' 'HDPE' 'HDPE' 'HDPE' 'HDPE'
 'HDPE' 'HDPE' 'HDPE' 'HDPE' 'HDPE' 'HDPE' 'HDPE' 'HDPE' 'HDPE' 'HDPE'
 'HDPE' 'HDPE' 'HDPE' 'HDPE' 'HDPE' 'HDPE' 'HDPE' 'HDPE' 'HDPE' 'HDPE'
 'HDPE' 'HDPE' 'HDPE' 'HDPE' 'HDPE' 'HDPE' 'HDPE' 'HDPE' 'HDPE' 'HDPE'
 'HDPE' 'HDPE' 'HDPE' 'HDPE' 'HDPE' 'HDPE' 'HDPE' 'HDPE' 'HDPE'
 'Calcium stearate' 'polyethylene wax oxidized' 'polyethylene wax'
 'polyethylene wax' 'broodcomb' 'polyethylene wax' 'polyethylene wax'
 'polyethylene wax oxidized' 'sealing ring EPDM' 'sealing ring EPDM'
 'sealing ring Gardena 1124 large' 'sealing ring Gardena 1124 small'
 'sealing ring Gardena 2824 large' 'sealing ring Gardena 2824 small'
 'sealing ring Gardena 2824 medium' 'honeycomb' 'ethylene acrylic acid'
 'ethylene ethyl acrylate' 'ethylene methacrylic acid'
 'ethylene propylene' 'ethylene vinyl acetate' 'ethylene vinyl acetate'
 'ethylene vinyl acetate' 'ethylene vinyl alcohol'
 'ethylene vinyl alcohol' 'polyethylene high density'
 'honeycomb freshly removed with nectar' 'honeycomb freshly removed'
 'polyethylene high density' 'polyethylene high density'
 'polyethylene high density' 'broodcomb once brooded'
 'polyethylene foamed' 'polyethylene low density'
 'polyethylene low density' 'polyethylene low density'
 'polyethylene low density' 'polyethylene low density'
 'polyethylene low density' 'polyethylene high density'
 'honeycomb middle wall' 'honeycomb top bar' 'poly(1 butene) isotactic'
 'poly(vinyl stearate)' 'polyamide resin' 'polyethylene low density'
 'polyethylene chlorinated' 'polyethylene chlorinated'
 'polyethylene high density' 'polyethylene low density'
 'polyethylene oxidized' 'polyethylene low density linear'
 'polyethylene low density' 'polyethylene low density'
 'polyethylene high density' 'polyethylene high density'
 'polyethylene high density' 'windscreen wiper rubber' 'black broodcomb'
 'styrene ethylene butylene' 'fibre thermoplastic elastomere'
 'polyethylene high density' 'polyethylene low density' 'polyamide 66'
 'Polyethylene' 'Polyethylene' 'polyethylene'
 'Polyethylene with acryloid and pthalocyanine (blue)' 'Polyethylene'
 'EVA' 'HDPE.2' 'LDPE.2' 'LLDPE.2' 'MDPE' 'ULDPE' 'beva371_in_pe'
 'bienenwachs - bees wax' ' Probe 3.2. , Eigelb (Dr. Hering) alte Probe'
 'paraffin' ' Beeswax dark colored (Modern, Nahef, Israel)'
 ' Beeswax light colored (Nahef, Israel)' '0' 'cyclododecane'
 'RTT5495_Date_AAA_200807' 'Date fresh 2007 balk' 'Dentin (Rhino modern)'
 'Paraffin wax' 'Recent Pollen2 Olea' 'Recent Pollen 3 Pinus'
 'Recent Pollen 4 Chenopodium' 'Polyethylene' ' 11-aminoundecanoic acid'
 'Stearic acid (Lot #2-1181)' 'EAA 1. Clear Pellet' 'EVA 1. White Foam'
 'EVA 2. Yellow Fragment' 'EVA 3. Grey Foam' 'EVA 4. Clear Film'
 'PE 1. Black Pellet' 'PE 10. Blue Fragment' 'PE 11. Green Fragment'
 'PE 12. White Film' 'PE 13. White Fragment' 'PE 14. Green Fragment'
 'PE 15. Blue Film' 'PE 16. White Fragment' 'PE 17. Green Fragment'
 'PE 18. White Fragment' 'PE 19. Blue Fragment' 'PE 2. White Pellet'
 'PE 20. Yellow Fragment' 'PE 21. Pink Fragment' 'PE 22. Red Film'
 'PE 23. Purple Film' 'PE 24. Clear Film' 'PE 25. Orange Foam'
 'PE 26. Blue Foam' 'PE 27. White Fragment' 'PE 28. White Film'
 'PE 29. Yellow Fragment' 'PE 3. Clear Pellet' 'PE 31. Orange Fragment'
 'PE 32. Red Fragment' 'PE 35. Black Fragment' 'PE 36. Red Fragment'
 'PE 37. Yellow Fragment' 'PE 38. Grey Fragment' 'PE 39. White Fragment'
 'PE 4. Blue Pellet' 'PE 40. Clear Fragment' 'PE 41. Green Fragment'
 'PE 42. Blue Sphere' 'PE 43. Pink Fragment' 'PE 44. Red pellet'
 'PE 45. Black Pellet' 'PE 46. Pink Fragment' 'PE 47. Red Fragment'
 'PE 48. Green Sphere' 'PE 49. Pink Sphere' 'PE 5. Blue Pellet'
 'PE 6. Red Pellet' 'PE 7. Grey Pellet' 'PE 8. Blue Fragment'
 'PE 9. Clear Fragment' 'PE 10. Grey Grocery Bag Film'
 'PE 11. Green Toy Fragment' 'PE 12. Black Pen Lid Fragment'
 'PE 14. Green Tampon Wrapper Film'
 'PE 15. Green Tampon Applicator Fragment' 'PE 16. White Art Foam'
 'PE 18. White Curtain Hook Fragment' 'PE 19. Grey Bottle Fragment'
 'PE 21. Yellow Container Fragment' 'PE 22. Blue Container Fragment'
 'PE 3. Green Garbage Bin Fragment' 'PE 30. White Foam Roller Foam'
 'PE 31. Clear Coffee Cup Lining Film'
 'PE 32. Clear Shower Curtain Fragment' 'PE 33. Blue Tarpaulin Film'
 'PE 4. Orange Garbage Bin Fragment' 'PE 7. White Grocery Bag Film'
 'PE 9. Clear Wrapping Film' 'PEVA 1. Pink Flip Flop Foam'
 'PEVA 5. Blue Flip Flop Foam' 'PEVA 6. Blue Flip Flop Foam'
 'PEVA 7. Yellow Flip Flop Foam' 'PEVA 8. Green Flip Flop Foam'
 'R 11. Brown Rubber Fragment' 'R 13. Pink Rubber Fragment'
 'R 17. Grey Rubber Paving']"
4,"['PET' 'PET' 'PET' 'PET' 'PET' 'PET' 'PET' 'PET' 'PET' 'PET' 'PET' 'PET'
 'PET' 'PET' 'PET' 'PET' 'PET' 'PET' 'PET' 'PET' 'PET' 'PET' 'PET' 'PET'
 'PET' 'PET' 'PET' 'PET' 'PET' 'PET' 'PET' 'PET' 'PET' 'PET' 'PET' 'PET'
 'PET' 'PET' 'PET' 'PET' 'PET' 'PET' 'PET' 'PET' 'PET' 'PET' 'PET' 'PET'
 'PET' 'PET' 'PET' 'PET' 'PET' 'PET' 'PET' 'PET' 'PET' 'PET' 'PET' 'PET'
 'PET' 'PET' 'PET' 'PET' 'PET' 'PET' 'PET' 'PET' 'PET' 'PET' 'PET' 'PET'
 'PET' 'PET' 'PET' 'PET' 'PET' 'PET' 'PET' 'PET' 'PET' 'PET' 'PET' 'PET'
 'PET' 'PET' 'PET' 'PET' 'PET' 'PET' 'PET' 'PET' 'PET' 'PET' 'PET' 'PET'
 'PET' 'PET' 'PET' 'PET' 'PET' 'PET' 'PET' 'PET' 'PET' 'PET' 'PET' 'PET'
 'polyester epoxide' 'epoxide resin' 'polyester' 'polyester epoxide'
 'copolyester' 'copolyester' 'copolyester' 'copolyester' 'copolyester'
 'polytehylene terephthalate' 'polytehylene terephthalate'
 'polytehylene terephthalate' 'polyester' 'polybuthylene terephthalate'
 'polybuthylene terephthalate' 'copolyester' 'polyester'
 'polytehylene terephthalate' 'polytehylene terephthalate amorphous'
 'polytehylene terephthalate' 'poly(butylene terephthalate)'
 'poly(ethylene terephthalate)' 'fibre polyester' 'fibre polyester'
 'polyethylene terephtalate' 'polyesterurethane' 'polyesterurethane'
 'polyetherurethane' 'polyetherurethane' 'polyetherester' 'polyester'
 'polyester' 'polyurethane' 'polyurethane' 'polyurethane'
 'polyethylene terephthalate' 'Polyethereamide' 'Polyester' 'Polyester'
 'polyesterterpthalate' 'poly(ethylene terepthalate)' 'PET'
 'polyesterterpthalate' 'Polyether urethane with additives' 'PEST' 'PET.2'
 'Dimethyl terephthalate (Lot #07201HI)'
 'Clomiphene citrate (Lot #012K1813)'
 'Hydromorphone HCl (Lot #4135 (A71B))' 'PET 1. White Fragment'
 'PET 10. Purple Fiber Bundle' 'PET 11. Blue Fiber Bundle'
 'PET 12. White Fiber Bundle' 'PET 13. Black Fiber' 'PET 14. Orange Fiber'
 'PET 15. Orange Fiber' 'PET 16. Red Film' 'PET 17. Orange Foam'
 'PET 18. Black Fiber' 'PET 19. Green Fiber' 'PET 2. Black Fragment'
 'PET 20. Green Fiber' 'PET 21. Clear Fragment' 'PET 22. Clear Film'
 'PET 3. Clear Fragment' 'PET 4. White Fragment' 'PET 5. Blue Fragment'
 'PET 6. Black Fiber' 'PET 7. White Fiber Bundle' 'PET 8. Black Fiber'
 'PET 9. Yellow Fiber Bundle' 'PU 1. Orange Foam' 'PU 2. Orange Foam'
 'PU 3. Orange Foam' 'PU 4. Grey Foam' 'PU 5. Yellow Foam'
 'PU 6. Yellow Fragment' 'PET 1. Red Bottle Fragment'
 'PET 11. White Wet Wipes Packet Film' 'PET 13. Clear Sheet Fragment'
 'PET 14. White Microsphere'
 'PET 18. Blue Pharmaceuticals Bottle Fragment'
 'PET 19. Clear Projector Paper' 'PET 2. Black Bottle Fragment'
 'PET 5. Green Glitter Fragment' 'PET 8. Clear Juice Bottle Fragment'
 'PET 9. White Shampoo Bottle Fragment' 'Polyester 1. White Fiber'
 'Polyester 10. Blue Yarn Fiber' 'Polyester 11. Red Fiber'
 'Polyester 17. White Fabric Bag Fiber' 'Polyester 18. Yellow Coat Fiber'
 'Polyester 19. White Label Fiber' 'Polyester 2. Yellow Fiber'
 'Polyester 20. Green Label Fiber' 'Polyester 4. White Fiber'
 'Polyester 5. Pink Fiber' 'Polyester 6. White Fiber'
 'Polyester 7. Red Yarn Fiber' 'Polyester 8. Brown Yarn Fiber'
 'Polyester 9. Dark Brown Yarn Fiber' 'PU 1. Grey Packaging Foam'
 'PU 13. Black Chair Foam' 'PU 14. Black Tennis Racket Grip Fragment'
 'PU 15. Clear Hair Tie Fragment' 'PU 16. Pink Makeup Sponge Foam'
 'PU 17. Clear Fragment' 'PU 18. Brown Glasses Frame Fragment'
 'PU 19. Blue Raincoat Fiber' 'PU 20. Green 3D Printer Fragment'
 'PU 21. Red Rubber Paving' 'PU 6. Black Phone Case Fragment'
 'PU 7. Yellow Packaging Foam']"
5,"['Ankerite' 'Aragonite' 'Barytocalcite' 'Bastnasite-(Ce)' 'Benstonite'
 'Calcite' 'Calcite' 'Calcite' 'Calcite' 'Calcite' 'Calcite' 'Calcite'
 'Dolomite' 'Dolomite' 'Dolomite' 'Dolomite' 'Dolomite' 'Dolomite'
 'Heterogenite' 'Hydromagnesite' 'Leadhillite' 'Magnesite' 'Magnesite'
 'Magnesite' 'Nesquehonite' 'Otavite' 'Parisite-(Ce)' 'Rhodochrosite'
 'Rhodochrosite' 'Rhodochrosite' 'Shortite' 'Siderite' 'Siderite'
 'Siderite' 'Smithsonite' 'Strontianite' 'Strontianite' 'Strontianite'
 'Witherite' 'Witherite' 'Witherite' 'chitin cancer pagurus'
 'Plumbers tape sealing putty' 'Ammonium carbonate' 'ammonium sulphate'
 'Amorphous Calcium Carbonate (ACC) synthetic' 'Ash (Bark Tamarisk)'
 'Ash (Tamarisk Wood)' 'ash of Carob b' 'ash of Ceratonia Siliqua R1'
 'Calcite (Biogenic Brachiopod Laqueus californianus)'
 'Calcite (Biogenic; Sea urchin test. P. lividus)' 'Calcite (Aldo)'
 'Cacite geological spar' 'Carnotite-Vanadium (yellow) (Wards)'
 'CHALK COUNTROL(4)' 'Mon Jul 20 09:40:56 2015 (GMT+03:00)' 'Dolomite'
 'hydromagnesite 2' ' Kurkar (Cemented sandstone, Israel)'
 'Magnesite (Wards)' ""White Marble-Ward's-45-E-3120-35-KBr""
 'COR 16 Control marl' 'MOS - 87 - 2b' ' Portlandite, Ettringen, Germany'
 'Rhodochrosite (Wards)' 'Siderite (Wards)' 'Smithsonite (Wards)'
 'Sodium carbonate' 'Strontianite' 'Vaterite'
 'Ankerite__R050181-1__Infrared__Infrared_Data_Processed__212'
 'Aragonite__R040078-1__Infrared__Infrared_Data_Processed__1009'
 'Barytocalcite__R050288-1__Infrared__Infrared_Data_Processed__408'
 'BastnasiteCe__R050409-1__Infrared__Infrared_Data_Processed__611'
 'Benstonite__R050484-1__Infrared__Infrared_Data_Processed__929'
 'Calcite__R040070-1__Infrared__Infrared_Data_Processed__224'
 'Calcite__R050009-1__Infrared__Infrared_Data_Processed__225'
 'Calcite__R050048-1__Infrared__Infrared_Data_Processed__226'
 'Calcite__R050127-1__Infrared__Infrared_Data_Processed__774'
 'Calcite__R050128-1__Infrared__Infrared_Data_Processed__775'
 'Calcite__R050130-1__Infrared__Infrared_Data_Processed__773'
 'Calcite__R050307-1__Infrared__Infrared_Data_Processed__434'
 'Dolomite__R040030-1__Infrared__Infrared_Data_Processed__256'
 'Dolomite__R050129-1__Infrared__Infrared_Data_Processed__777'
 'Dolomite__R050241-1__Infrared__Infrared_Data_Processed__933'
 'Dolomite__R050272-1__Infrared__Infrared_Data_Processed__1218'
 'Dolomite__R050357-1__Infrared__Infrared_Data_Processed__460'
 'Dolomite__R050370-1__Infrared__Infrared_Data_Processed__648'
 'Heterogenite__R050382-1__Infrared__Infrared_Data_Processed__677'
 'Hydromagnesite__R060011-1__Infrared__Infrared_Data_Processed__816'
 'Leadhillite__R060047-1__Infrared__Infrared_Data_Processed__832'
 'Magnesite__R040114-1__Infrared__Infrared_Data_Processed__307'
 'Magnesite__R050443-1__Infrared__Infrared_Data_Processed__308'
 'Magnesite__R050676-1__Infrared__Infrared_Data_Processed__818'
 'Nesquehonite__R050639-1__Infrared__Infrared_Data_Processed__1209'
 'Otavite__R050677-1__Infrared__Infrared_Data_Processed__833'
 'ParisiteCe__R050308-1__Infrared__Infrared_Data_Processed__702'
 'Rhodochrosite__R040133-1__Infrared__Infrared_Data_Processed__68'
 'Rhodochrosite__R050019-1__Infrared__Infrared_Data_Processed__350'
 'Rhodochrosite__R050116-1__Infrared__Infrared_Data_Processed__791'
 'Shortite__R050248-1__Infrared__Infrared_Data_Processed__924'
 'Siderite__R040034-1__Infrared__Infrared_Data_Processed__361'
 'Siderite__R050262-1__Infrared__Infrared_Data_Processed__324'
 'Siderite__R050349-1__Infrared__Infrared_Data_Processed__719'
 'Smithsonite__R040051-1__Infrared__Infrared_Data_Processed__364'
 'Strontianite__R040037-1__Infrared__Infrared_Data_Processed__370'
 'Strontianite__R050476-1__Infrared__Infrared_Data_Processed__885'
 'Strontianite__R050564-1__Infrared__Infrared_Data_Processed__727'
 'Witherite__R040040-1__Infrared__Infrared_Data_Processed__334'
 'Witherite__R050148-1__Infrared__Infrared_Data_Processed__966'
 'Witherite__R050267-1__Infrared__Infrared_Data_Processed__750']"
6,"['polypropylene' 'polypropylene' 'fibre polypropylene'
 'fibre polypropylene dyed' 'polypropylene isotactic' 'polypropylene'
 'polypropylene' 'polypropylene' 'polypropylene' 'polypropylene'
 'polypropylene' 'styrene isoprene' 'polypropylene' 'PP' 'PP' 'Acronal'
 'bernstein - amber' 'kolophonium - rosin' 'mowilith' 'mowital'
 'polyurethan' 'PP 1. White Fragment' 'PP 10. Yellow Fragment'
 'PP 11. Yellow Straw Fragment' 'PP 12. White Fragment'
 'PP 13. Grey Fragment' 'PP 14. Orange Fragment' 'PP 15. Pink Fragment'
 'PP 16. Yellow Fragment' 'PP 17. Red Fragment' 'PP 18. Grey Fragment'
 'PP 19. White Fiber' 'PP 2. Purple Fragment' 'PP 20. White Film'
 'PP 21. Grey Fragment' 'PP 22. Red Fragment' 'PP 23. Yellow Fragment'
 'PP 24. Clear Fragment' 'PP 25. Orange Fragment' 'PP 26. Yellow Fiber'
 'PP 27. Blue Fragment' 'PP 28. Red Fragment' 'PP 29. Green Fragment'
 'PP 3. Yellow Fragment' 'PP 30. Clear Fragment' 'PP 31. Purple Fragment'
 'PP 32. Blue Film' 'PP 33. Clear Film' 'PP 34. Brown Film'
 'PP 35. Clear Film' 'PP 36. Purple Film' 'PP 37. White Fragment'
 'PP 38. Blue Fragment' 'PP 39. Black Fragment' 'PP 4. Red Fragment'
 'PP 40. Green Fragment' 'PP 41. Clear Fragment' 'PP 42. Clear Fragment'
 'PP 43. Green Fragment' 'PP 44. Clear Fragment' 'PP 45. Orange Fragment'
 'PP 46. White Fragment' 'PP 47. Clear Fragment' 'PP 48. Brown Fragment'
 'PP 49. Black Fragment' 'PP 5. Green Fragment' 'PP 50. Green Fragment'
 'PP 51. White Fragment' 'PP 52. White Fragment' 'PP 53. Blue Fragment'
 'PP 54. Red Fragment' 'PP 55. Green Fragment' 'PP 56. Yellow Film'
 'PP 57. White Film' 'PP 58. Clear Film' 'PP 59. Clear Fragment'
 'PP 6. Red Fragment' 'PP 60. Orange Fragment' 'PP 61. White Fragment'
 'PP 62. Orange Fiber' 'PP 63. Green Fiber' 'PP 64. Blue Fiber'
 'PP 65. Clear Fiber' 'PP 66. Black fiber' 'PP 7. Blue Fiber'
 'PP 8. Orange Fragment' 'PP 9. Green Fragment' 'PP 1. Red Straw Fragment'
 'PP 10. Black Battery Holder Fragment' 'PP 11. White Sign Fragment'
 'PP 12. Yellow Food Wrapper Fragment' 'PP 13. Red Bottle Cap Fragment'
 'PP 14. Blue Bottle Cap Fragment' 'PP 15. Clear Wrapping Film'
 'PP 2. White Straw Fragment' 'PP 21. White Ribbon Fiber'
 'PP 22. Blue Ribbon Fiber' 'PP 23. Purple Food Container Fragment'
 'PP 24. White Water Filter Residue Fragment'
 'PP 25. White Cutting Board Fragment' 'PP 3. Black Plant Pot Fragment'
 'PP 4. Clear Food Container Fragment' 'PP 5. White Chocolate Bar Wrapper'
 'PP 7. White Bottle Cap Fragment' 'PP 8. White Toothbrush Fragment'
 'PP 9. White Fork Fragment']"
7,"['fur alpaca' 'fur angora rabbit' 'fur camel' 'wool cashmere crossbred'
 'wool cashmere kasakhstan' 'wool cashmere mongolia'
 'fur cat european shorthair' 'chitin crangon antonia' 'copolyamide'
 'copolyamide' 'fur cow' 'crangon  chitin exuvie' 'fur dog' 'copolyamide'
 'fur lama' 'merino scoured wool made rough' 'fur mohair angora goat'
 'polyamide' 'fibre mulberry silk' 'nylon 6 (3)  T' 'nylon 6' 'nylon 6 6'
 'nylon 6 9' 'nylon 6 12' 'nylon 11' 'nylon 12'
 'fibre polyamide 6 (not)stretched' 'fibre polyamide 6' 'polyamide 6'
 'polyamide 6' 'polyamide 6' 'fibre polyamide 6 P6.6' 'polymaide 66'
 'wool raw cashmere afghanistan' 'wool raw cashmere mongolia'
 'fur red deer' 'copolyamide' 'copolyamide' 'polyamide'
 'scoured wool  not made rough' 'fibre silk slubbing' 'fibre tussah silk'
 'fur wild boar' 'wool' 'wool slubbing fine' 'wool slubbing rough'
 'wool sheep supersoft' 'fur yak' 'fur yak bleached' 'zein purified'
 'Wool' 'protein' 'PA6' 'PA66' 'PA66' ' Collagen (fossil >50,000 BP)'
 ' Collagen (fossil, 3726)' ' Collagen (pure, fresh)'
 'Cornea porcine treated sample 6 slice 13 repeat' 'Keratin (fingernail)'
 'Keratin peacock feather quill 100' 'Parchment (Modern A)'
 ' Silk (Bombyx mori, silkworm caccoon)' 'Silk (Spider)' 'Korea silk AAA'
 ' Wool (Llama, Chile)' 'PA 2. Orange Fragment' 'PA 3. Orange Fragment'
 'PA 4. Orange Fiber' 'PA 5. Blue Fragment' 'PA 6. Clear Film'
 'Nylon 1. White Cable Tie Fragment' 'Nylon 10. Yellow fiber'
 'Nylon 11. Red Fiber' 'Nylon 13. Green fiber'
 'Nylon 20. Black Coat Fiber' 'Nylon 21. White Toothbrush Fiber'
 'Nylon 22. Blue Toothbrush Fiber' 'Nylon 3. White Fiber'
 'Nylon 4. White Fiber' 'Nylon 5. White Tooth Floss Fiber'
 'Nylon 6. Red Fiber' 'Nylon 7. Green Carpet Fiber']"
8,"['Alum-(K)' 'Alum-(K)' 'Amblygonite' 'Amblygonite' 'Baryte' 'Baryte'
 'Baryte' 'Baryte' 'Bukovskyite' 'Chalcanthite' 'Chalcanthite'
 'Leightonite' 'Montebrasite' 'Montebrasite' 'Montebrasite' 'Perovskite'
 'Trolleite' 'Tschermigite' 'Viitaniemiite' 'Volborthite' 'Volborthite'
 'algae desmarestia viridis' 'algae laminaria digita and hyperborea'
 'algae laminaria sacharina' 'alginic acid  sodium salt' 'ethyl cellulose'
 'vinylidene chloride acrylonitrile' 'CaP percipitate 18_2_09 5min ACP'
 '2' '3' '4-5' '6' 'Bone Qafzeh XV 7 (WIA44)'
 ' Bone fossil (Hayonim Cave, SHY44)' 'Bone Ubediya III20 WIA 41'
 ' Bone fossil (Hayonim Cave, SHY 45)'
 'Carbonated apatite (Kebara KESW54)'
 'Dahllite (Carbonated hydroxyapatite) (KESW1)'
 'Crandallite (Belgium HUJ 12634)' 'Enamel (Rhino tooth modern)'
 'Francolite (Bone Kebara KESW508)' 'COR16 NZ24 PATINA'
 ' Hydroxyapatite (Custer, S. Dakota)' 'Jarosite (Chile HUJ2922)'
 'Loess (Rehovot dust storm 9.2.06)'
 'Montgomeryite amorphous (KESW1 dark brwn G)'
 'Montgomeryite amorphous (KESW1 Kebara)'
 ' Montgomeryite NMNH 150061 Tip Top Mine, South Dakota'
 'Octacalcium phosphate (from Brown)' 'unknown'
 'Tricalcium phosphate (Beta)' ' Variscite (Lucin, Utah (Pangeaea))'
 ' Wavellite (Montgomery, Arkansas)'
 'AlumK__R040134-1__Infrared__Infrared_Data_Processed__71'
 'AlumK__R060014-1__Infrared__Infrared_Data_Processed__1191'
 'Amblygonite__R040006-1__Infrared__Infrared_Data_Processed__1004'
 'Amblygonite__R040067-1__Infrared__Infrared_Data_Processed__204'
 'Baryte__R040036-1__Infrared__Infrared_Data_Processed__220'
 'Baryte__R050335-1__Infrared__Infrared_Data_Processed__610'
 'Baryte__R050342-1__Infrared__Infrared_Data_Processed__407'
 'Baryte__R050375-1__Infrared__Infrared_Data_Processed__609'
 'Bukovskyite__R050630-1__Infrared__Infrared_Data_Processed__675'
 'Chalcanthite__R050293-1__Infrared__Infrared_Data_Processed__440'
 'Chalcanthite__R050354-1__Infrared__Infrared_Data_Processed__441'
 'Leightonite__R050211-1__Infrared__Infrared_Data_Processed__912'
 'Montebrasite__R040060-1__Infrared__Infrared_Data_Processed__314'
 'Montebrasite__R040062-1__Infrared__Infrared_Data_Processed__203'
 'Montebrasite__R050500-1__Infrared__Infrared_Data_Processed__937'
 'Perovskite__R050456-1__Infrared__Infrared_Data_Processed__960'
 'Trolleite__R050425-1__Infrared__Infrared_Data_Processed__739'
 'Tschermigite__R050276-1__Infrared__Infrared_Data_Processed__578'
 'Viitaniemiite__R060052-1__Infrared__Infrared_Data_Processed__825'
 'Volborthite__R050216-1__Infrared__Infrared_Data_Processed__950'
 'Volborthite__R050249-1__Infrared__Infrared_Data_Processed__1236']"
9,"['polystyrene expanded' 'polystyrene expanded' 'polystyrene' 'polystyrene'
 'polystyrene' 'polystyrene' 'styrene acrylonitrile'
 'styrene acrylonitrile' 'styrene acrylonitrile' 'styrene allyl alcohol'
 'polystyrene' 'polystyrene' 'Styrofoam' 'ABS' 'EPS' 'PS'
 'Polystyrene (lab plastic tube)' '5-APDB HCl (Lot #N16-P60B)'
 '4-ANPP (Lot #ALB5-2)' '2-Fluoroamphetamine HCl (Lot #N17-P22B)'
 'dihydro-PPP HCl (Lot #RM-131218-03)' 'RH-34 HCl (Lot #RM-131001-02)'
 'MT-45 diHCl   (Lot #0450699-5)'
 ' N-Ethyl-N-methyl-1,2-diphenylethanamine HCl (Lot #RM-160623-01)'
 'ABS 1. Black Fragment' 'PS 1. White Foam' 'PS 10. Clear Film'
 'PS 11. Clear Sphere' 'PS 12. Orange Foam' 'PS 2. White Foam'
 'PS 3. Blue Foam' 'PS 4. White Foam' 'PS 5. White Foam'
 'PS 6. White Foam' 'PS 7. White Foam' 'PS 8. White Foam'
 'PS 9. White Foam' 'ABS 1. Orange LEGO Fragment'
 'ABS 10. Brown LEGO Fragment' 'ABS 11. Black LEGO Fragment'
 'ABS 12. White LEGO Fragment' 'ABS 14. White Fridge Lining Fragment'
 'ABS 15. Black Pipe Fragment' 'ABS 16. Clear Glasware Fragment'
 'ABS 2. Red LEGO Fragment' 'ABS 4. Light Blue LEGO Fragment'
 'ABS 5. Dark Blue LEGO Fragment' 'ABS 6. Dark Green LEGO Fragment'
 'ABS 7. Light Green LEGO Fragment' 'ABS 9. Beige LEGO Fragment'
 'PS 1. Brown Coffee Cup Lid Fragment'
 'PS 10. Black Printer Cartridge Fragment'
 'PS 11. Orange Printer Cartridge Fragment'
 'PS 12. Black Keyboard Fragment' 'PS 13. Pink Spoon Fragment'
 'PS 14. Clear Fridge Drawer Fragment' 'PS 15. Clear Tupperware Fragment'
 'PS 16. Purple LEGO Fragment' 'PS 17. White Foam' 'PS 18. Clear Fragment'
 'PS 2. White Coffee Cup Lid Fragment' 'PS 3. White Food Container Foam'
 'PS 6. Clear Glass Fragment' 'PS 8. Clear Pen Barrel Fragment']"
10,"['acrylonitrile butadiene styrene' 'polyhydroxybutyric acid'
 'butyl methacrylate isobutyl methacrolate' 'alkyd varnish'
 'alkyd varnish' 'polyurethane acrylic resin'
 'lahmian medium acrylic paint' 'alkyd varnish' 'alkyd varnish'
 'polyesterurethane' 'poly(diallyl isophthalate)'
 'poly(ethyl methacrylate)' 'poly(isobutyl methacrylate)'
 'poly(methyl methacrylate)' 'poly(n butyl methacrylate)'
 'polycaprolactone' 'polycaprolactone' 'polyurethane' 'polyurethane'
 'polyurethane' 'polyurethane' 'polyurethane' 'styrene butyl methacrylate'
 'polymethyl methacrylate' 'Mixture of UCAR acrylate and acrylonitrile'
 'PMMA' 'PVC.2' 'paraloid' 'plexigum' 'plexisol'
 ' Probe 82, Plextol D360 (Kremer), Dispersion in Ethanol'
 ' Probe 85, Primal AC 33 (Kremer), in Ethanol' 'primal2'
 'Polyester for blocks' 'Polyesther from TS-1861 Block (Safi plaster)'
 ' 2-(dimethylamino)-ethyl methacrylate'
 ' N,N-dimethylaminoethyl acrylate' ' n-decyl methacrylate'
 'PMMA 1. Orange Fragment' 'PVC 2. Blue Fragment' 'PVC 4. White Fragment'
 'PEA 1. Clear Double Sided Tape' 'PET 15. Black Cable Cover Fragment'
 'PU 11. Grey Zip Hold Fragment' 'PVC 2. Yellow Raincoat Film'
 'PVC 23. Pink Yoga Mat Foam' 'PVC 24. Clear Cosmetics Bag Fragment'
 'PVC 25. Green Yoga Mat Foam']"
11,"['Sodium chlorate' 'Potassium chlorate' 'Anhydrite' 'Anhydrite'
 'Aphthitalite' 'Blodite' 'Blodite' 'Glauberite' 'Gypsum' 'Hanksite'
 'Langite' 'Mooreite' 'Barite (Wards)'
 'Brochantite (Arizona; NHM1924.640)' 'Cristobolite (V10SH)'
 'Manot control Cave wall 1a 3hr 400C 2 grind 3'
 'Cave wall 1a HS 0hrs 1 grind 3' 'Flint' 'quartz wool' 'Opal (precious)'
 'Opal CT' 'SHY 2147' 'Quartz'
 'Silica (Phytoliths Triticum aestivum wet ashed)' 'Dor Phytolith'
 'Siliceous Aggregates (KESW1 outer layer)' 'Tridymite (N10SH)'
 ' B,B-dimercaptoethyl ether' ' PE Glycol 400'
 'Anhydrite__R040012-1__Infrared__Infrared_Data_Processed__209'
 'Anhydrite__R040061-1__Infrared__Infrared_Data_Processed__210'
 'Aphthitalite__R050651-1__Infrared__Infrared_Data_Processed__826'
 'Blodite__R050317-9__Infrared__Infrared_Data_Processed__418'
 'Blodite__R050341-1__Infrared__Infrared_Data_Processed__419'
 'Glauberite__R050350-1__Infrared__Infrared_Data_Processed__488'
 'Gypsum__R040029-1__Infrared__Infrared_Data_Processed__291'
 'Hanksite__R050291-1__Infrared__Infrared_Data_Processed__496'
 'Langite__R060090-1__Infrared__Infrared_Data_Processed__1202'
 'Mooreite__R060089-1__Infrared__Infrared_Data_Processed__1175']"
12,"['fibre acetate' 'cellulose acetate' 'cellulose acetate butyrate'
 'cellulose triacetate' 'cellulose propionate' 'wood glue'
 'poly(vinyl acetate)' 'polyvinyl alcohol' 'vinyl chloride vinyl acetate'
 'vinyl chloride vinyl acetate maleic acid' 'cigarette filter' 'Acrylic'
 'Acrylic' 'CA' ' pentadecafluorooctyl methacrylate' ' Polyvinyl Acetate'
 '06-Monoacetylmorphine HCl Trihydrate (Lot #N17-P100A)'
 'CA 1. White Foam' 'CA 2. Grey Foam' 'EVA 5. Green Fiber'
 'PMMA 2. Red Fiber' 'Acrylic 1. Green Yarn Fiber'
 'Acrylic 3. Yellow Yarn Fiber' '*Acrylic 4. Purple Yarn Fiber'
 '*Acrylic 5. Pink Fiber' '*Acrylic 7. White Fiber'
 '*Acrylic 8. Orange Fiber' 'PEVA 10. Yellow Fiber'
 'PEVA 11. Purple Fiber' 'PEVA 12. Pink Fiber' 'PEVA 13. Blue Fiber'
 'PEVA 2. Orange Flip Flop Foam']"
13,"['Acetylfentanyl HCl (Lot #4541-886-149A)'
 'Butyryl Fentanyl HCl (Lot #0450679-28)' 'Fentanyl HCl (Lot #ALB-297-3)'
 '3-Methyl fentanyl HCl (Lot #0473212-25)'
 'Acetyl norfentanyl HCl   (Lot #0450748-6)'
 'Beta-Hydroxythiofentanyl HCl  (Lot #RM-160417-01)'
 'Valeryl fentanyl HCl (Lot #RM-160223-01)'
 'meta-Fluorobutyryl fentanyl HCl (Lot #0487107-35)'
 'Benzoylbenzyl fentanyl HCl (Lot #N18-P66A)'
 'Cyclopentanoyl Fentanyl HCl (Lot #ALB-297-8-2)'
 'Cyclopropyl Fentanyl HCl (Lot #0505024-23)'
 'Hexanoylfentanyl HCl (Lot #ALB-297-7)'
 'Isobutyryl fentanyl HCl (Lot #ALB-235-7)'
 'Tetrahydrofuran fentanyl HCl (Lot #0497941-14)'
 ""4'-Methyl acetyl fentanyl HCl (Lot #0502216-10)""
 'Benzylfentanyl HCl (Lot #ALB25-6)'
 'Acryl fentanyl HCl (Lot #RM-171011-01)'
 ' 2R,4S-2-Methyl fentanyl HCl  (Lot #JM-N2-P86)'
 'trans-3-Methyl fentanyl HCl  (Lot #0532018-3)'
 'para-Chloroisobutyryl fentanyl HCl     (Lot #0534601-1)'
 'ortho-Methylacetyl fentanyl HCl (Lot #0535129-1)'
 'Heptanoyl fentanyl HCl (Lot #JM-N2-P90A)'
 '3-Methyl butyryl fentanyl HCl (Lot #0535128-1)'
 ""beta'-Phenyl fentanyl (Lot #0519541-4)""
 'ortho-Fluoroisobutyryl fentanyl HCl (Lot #0505593-26)'
 'Tetrahydrofuran fentanyl 3-tetrahydrofurancarboxamide HCl (Lot #055026'
 'Isovaleryl fentanyl HCl  (Lot #0550263-1)']"
14,"['Erythromycin' 'amber' 'methyl vinyl ether maleic acid'
 'methyl vinyl ether maleic anhydride' 'poly(2 hydroxyethyl methacrylate)'
 'poly(acrylic acid)' 'dammar - damar gum'
 'drachenblut - dragons blood resin' 'ketonharz - ketone resin'
 'kopal - copal' 'mastix - mastic' 'schellack - shellac'
 'Amber (Baltic; A. Nissenbaum)' 'Amber (Chiapas; Dominican Republic)'
 'Amber (Dominican Republic; A. Nissenbaum)'
 ' Amber (Hermon, Israel; A. Nissenbaum)'
 'Amber (New Jersey; A. Nissenbaum)' 'Bitumen (Oman 1927; Nissenbaum)'
 'Copal (Philippines; A. Nissenbaum)' 'Res 11 Boswellia Sacra'
 'Res 9 Pisticia lentiscus' ' 2-bromopropanoic acid'
 ' ethyl (a-hydroxymethyl)acrylate' 'ABS 8. Yellow LEGO Fragment'
 'Black Bike Handle Cover Foam']"
15,"['Butylone HCl (Lot #2011DEA003-25A)'
 ' N-Methyl-3,4-Methylenedioxycathinone HCl (Lot #TAD225-227)'
 ' 3,4-Methylenedioxypyrovalerone HCl (Lot #TAD0531A)'
 '3-Methyl-N-Ethylcathinone HCl (Lot #0435404-15)'
 'bk-MDDMA HCl (Lot #0432923-23)'
 ' 4-Hydroxy-N,N-Diisopropyltryptamine HCl (Lot #SF06008)'
 ' 3,4-Methylenedioxypyrrolidinobutiophenone HCl (Lot #0435471-8)'
 ' 3,4-Methylenedioxy-N-ethylcathinone HCl (Lot #TADSyn5May93)'
 ' 3,4-Methylenedioxycathinone HCl (Lot #TAD21OCT93C)'
 ' 3,4-Methylenedioxymethamphetamine methylene homolog HCl   (Lot #043004'
 'bk-DMBDB HCl (Lot #0432924-23)' '3-Methoxy PCP HCl (Lot #0445154-36)'
 'N-Ethylpentylone HCl (Lot #0459051-33)'
 ' N-tert-Butyl-3,4-methylenedioxycathinone HCl (Lot #RM-160115-01)'
 ' N-Propyl-3,4-methylenedioxycathinone HCl (Lot #RM-151217-01)'
 ' N,N-dimethylpentylone HCl (Lot #0457892-27)'
 ' N-Ethyl-3,4-methylenedioxycathinone HCl (Lot #TADSyn5may93)'
 'N-Ethylpentylone HCl (Lot #RM-160630-01)'
 'Pentylone HCl (Lot #ALB089RC)'
 ' 3,4-Methylenedioxy-N,N-dimethylcathinone HCl (Lot #TAD10Feb95)'
 ' 3,4-methylenedioxyamphetamine HCl (Lot #A150B)'
 ' 3,4-methylenedioxy-N-benzylcathinone HCl (Lot #0448208-21)'
 ' 3,4-methylenedioxy-alpha-PHP HCl (Lot #0464802-38)']"
16,"[' 3,4-Dimethylmethcathinone HCl (Lot #N17-P79A)'
 '2-Ethylethcathinone HCl (Lot #0439301-1)'
 '4-methyl-alpha-pyrrolidinopropiophenone HCl (Lot #SF0004)'
 '4-Methyl-N-Ethylcathinone HCl (Lot #TAD0311)'
 '4-Ethylethcathinone HCl (Lot #NE9211QB)'
 '4-Methoxy-N-Ethylcathinone HCl (Lot #TAD0411)'
 ' 2,5-Dimethylmethcathinone HCl (Lot #N17-P95D)'
 '3-Ethylmethcathinone HCl (Lot #0435185-9)'
 'Cathinone HCl (Lot #113-1191-12)'
 ' 2,4-Dimethylmethcathinone HCl (Lot #N17-P92A)'
 'PV-8 HCl  (Lot #RM-131029-02)'
 '3-Methylmethcathinone HCl (Lot #0435099-15)'
 '4-Ethylmethcathinone Hydrochloride (Lot #RM-131119-01)'
 '4-Bromomethcathinone HCl (Lot #RM-140723-07)'
 '4-Chloromethcathinone HCl (Lot #RM-161005-01)'
 '3-Bromomethcathinone HCl  (Lot #0444433-34)'
 '3-Chloromethcathinone HCl (Lot #0467004-25)'
 '4-Chloro-alpha-PPP HCl (Lot #0464674-27)'
 '4-Chloroethcathinone HCl   (Lot #0478461-14)'
 'alpha-PPP HCl (Lot #0491370-7)' ' d,l-Methcathinone HCl (Lot #10610BZ)'
 '4-methylmethcathinone HCl (Lot #TAD51002)']"
17,"['HEPES Sodium Salt' 'polycarbonate' 'polyester' 'polyester'
 'polycarbonate' 'polycarbonate' 'polycarbonate' 'polycarbonate'
 'polycarbonate' 'polycarbonate' 'PC 1. White Fragment'
 'PC 1. Clear CD fragment' 'PC 2. Clear Swimming Goggles Fragment'
 'PC 3. Lab Filter Film' 'PC 5. Clear Lab Goggles Lense Fragment'
 'PC 6. Blue Glassware Fragment' 'PC 7. Black Pan Scraper Fragment'
 'PC 8. Red Pan Scraper Fragment' 'PC 9. Black Glasses Frame Fragment']"
18,"[' allyl bromide' '25B-NBOMe HCl (Lot #N18-P1C)'
 '25C-NBOMe HCl (Lot #N17-P71D)' '25I-NBOMe Base (Lot #SF0003)'
 ' 2,5-Dimethoxy-4-Chloro-amphetamine HCl (Lot #MP193-194)'
 'DOI HCl (Lot #H-0703)' '25D-NBOMe HCl (Lot #N17-P88C)'
 ' d,l-4-Bromo-2,5-dimethoxyamphetamine HCl (Lot #274.1B1.1)'
 '2C-I HCl (Lot #2TDM-37-04)' '2C-B BZP diHCl (Lot #H-0416)'
 '2C-B HCl (Lot #729.1B4.1)' '25C-NB3OMe HCl (Lot #N17-P72C)'
 '25C-NB4OMe HCl (Lot #N17-P73C)' '25I-NB3OMe HCl (Lot #N17-P74D)'
 '25I-NB4OMe HCl (Lot #N17-P75C)' '2C-C HCl (Lot #2TDM-89-01 1st crop)'
 ' 4-Chloro-2,5-dimethoxyamphetamine HCl (DOC) (Lot #0469874-12)'
 '2C-I HCl (Lot #SF650B)' '25I-NBOMe HCl (Lot #N17-P11B)']"
19,"['JWH-018 N-(5-chloropentyl) analog (Lot #0434099-14)'
 'AM2201 (Lot #K8H81109)' 'MAM2201 (Lot #ALB-218-4)'
 'AM2233 (Lot #0436043-18)' 'AM1220 (Lot #0436983-11)'
 'AM679 (Lot #0437656-5)' 'JWH-122 (Lot #N1P3)'
 'JWH-018 (Lot #ALB045RC/183-1)' 'EAM-2201 (Lot #RM-031113-1)'
 'AB-001 (Lot #N1P20)' 'JWH-081  (Lot #ALB056RC)'
 'JWH-022   (Lot #ALB227-8)' 'JWH-210 (Lot #N1P36EMG)'
 'JWH-019 (Lot #K8H81106)' 'JWH-073 (Lot #0409793-37)'
 'FUB-JWH-018 (Lot #RM-140805-04)' 'AM-694 (Lot #SL227B3)']"
20,"['Cerussite' 'Cerussite' 'Cerussite' 'Cerussite' 'Cerussite' 'Cerussite'
 'Silver Nitrate' 'Sodium nitrate (Sigma)' 'Potassium nitrate'
 'Cerussite__R040069-1__Infrared__Infrared_Data_Processed__231'
 'Cerussite__R050011-1__Infrared__Infrared_Data_Processed__232'
 'Cerussite__R050023-1__Infrared__Infrared_Data_Processed__233'
 'Cerussite__R050174-1__Infrared__Infrared_Data_Processed__855'
 'Cerussite__R050298-1__Infrared__Infrared_Data_Processed__630'
 'Cerussite__R060017-1__Infrared__Infrared_Data_Processed__807']"
21,"['Burbankite' 'Cornwallite' 'Liebigite' 'Liebigite' 'Malachite' 'Rosasite'
 'Malachite (Wards)'
 'Burbankite__R050646-1__Infrared__Infrared_Data_Processed__433'
 'Cornwallite__R050469-1__Infrared__Infrared_Data_Processed__869'
 'Liebigite__R050662-1__Infrared__Infrared_Data_Processed__837'
 'Liebigite__R050662-1__Infrared__Infrared_Data_Processed__951'
 'Malachite__R050508-1__Infrared__Infrared_Data_Processed__511'
 'Rosasite__R050294-1__Infrared__Infrared_Data_Processed__715']"
22,"['Celestine' 'Celestine' 'Krohnkite' 'Polyhalite' 'Celestite (Wards)'
 'Celestine__R040007-1__Infrared__Infrared_Data_Processed__997'
 'Celestine__R050008-1__Infrared__Infrared_Data_Processed__230'
 'Krohnkite__R050604-1__Infrared__Infrared_Data_Processed__1206'
 'Polyhalite__R070209-1__Infrared__Infrared_Data_Processed__993'
 ' d,l-Ephedrine HCl  (Lot #61H5815)' 'd-Ephedrine HCl  (Lot #157444)'
 ' (1R,2S)-(-)-Ephedrine HCl (Lot #03130MT)'
 'l-Ephedrine HCl (Lot #126H3651)']"
23,"['Mottramite' 'Zunyite' 'Zunyite' '1 2 polybutadiene'
 'Mottramite__R050521-1__Infrared__Infrared_Data_Processed__694'
 'Zunyite__R050263-1__Infrared__Infrared_Data_Processed__759'
 'Zunyite__R050553-1__Infrared__Infrared_Data_Processed__760'
 'D-Arabinose (Lot #01902CI)' 'doxylamine succinate (Lot# 072K12361)'
 ' (1R,2S)-(-)-N-Methylephedrine base (Lot #66H3472)'
 ' (1R,2S)-(-)-N-Methylephedrine base (Lot  #01822CD)'
 ' (1S,2R)-(+)-N-Methylephedrine base (Lot #15627DO)']"
24,"[' N,N-Diethylcathinone HCl (Lot #TADMAR94)'
 'Alpha-Pyrrolidinobutiophenone HCl (Lot #ALB225-2)'
 'a-PVP HCl (Lot #N17-P29H)' '4-Fluoro-PVP HCl (Lot #0453912-14)'
 '4-Chloropentedrone HCl (Lot #0482915-8)' 'alpha-PVP HCl (Lot #N17-P29G)'
 '4-Fluoro-alpha-PHP HCl (Lot #RM-160407-01)'
 '4-Bromo-alpha-PVP HCl (Lot #RM-160316-01)'
 '4-Chloro-alpha-PVP HCl (Lot #RM-160311-01A)'
 '4-Fluoro PV8 HCl (Lot #0455494-37)'
 '4-Fluoroethcathinone HCl (Lot #0434486-43)'
 'alpha-PHP HCl (Lot #RM-150116-01)']"
25,"['5-Fluoro-AKB-48 (Lot #N1P53EMG)' 'AKB48 (Lot #ALB222-12)'
 'AB-FUBINACA (Lot #RM-130530-01)' 'AB-CHMINACA   (Lot #0455353-13)'
 'FUB-AKB-48 (Lot #RM-131029-01)' 'ADB-FUBINACA (Lot #RM-140506-03)'
 'ADB-PINACA (Lot #0451074-17)' 'PX-2 (Lot #0461309-28)'
 'MAB-CHMINACA (Lot #0466513-7)' 'APP-CHMINACA (Lot #0467677-8)'
 'ACHMINACA (Lot #0527214-6)' '5-Chloro-AKB-48 (Lot #0532246-5)']"
26,"['Langbeinite' 'Sulphohalite' 'Anhydrite'
 ' Ardealite (Ornit cave, Israel MO-111)'
 'Subtraction Result:plaster of paris 4'
 ' Evansite (Santa Guo, Spain HUJ 12646)' 'Gypsum' 'potassium sulphate'
 'Sodium pyrophosphate anhydrous (Fluka)'
 'Langbeinite__R070285-1__Infrared__Infrared_Data_Processed__1021'
 'Sulphohalite__R050479-1__Infrared__Infrared_Data_Processed__875']"
27,"['polylactic acid' 'polylactic acid' 'fibre polyactide'
 'PLA 1. White Straw Fragment' 'PLA 3. White Teabag Fiber'
 'PLA 4. White 3D Printer Fragment' 'PLA 5. Orange 3D Printing Fragment'
 'PLA 6. Grey 3D Printing Fragment' 'PLA 7. Clear 3D Printing Fragment'
 'PLA 8. Black 3D Printing Fragment' 'PLA 9. Silver 3D Printing Fragment']"
28,"['Weddellite' 'Whewellite' 'Whewellite' 'polyacrylamide'
 'Bark (Tamarisk modern Timna Israel)' 'Weddelite'
 'Whewelite (calcium oxalate monohydrate)'
 'Weddellite__R050242-1__Infrared__Infrared_Data_Processed__907'
 'Whewellite__R050240-1__Infrared__Infrared_Data_Processed__943'
 'Whewellite__R050526-1__Infrared__Infrared_Data_Processed__592']"
29,"[' N,N-dimethylacrylamide'
 'para-fluorobutyryl fentanyl HCl (Lot #0487736-10)'
 '4-Fluoroisobutyrylfentanyl HCl  (Lot #RM-160621-01)'
 'Thiamine HCl (Lot #048K0013)'
 'para-Methyl acetyl fentanyl HCl (Lot #0514281-6)'
 'para-Methoxy fentanyl HCl (Lot #0488249-14)'
 'para-Fluoroacetyl fentanyl HCl  (Lot #0539154-1)'
 'N-benzyl para-fluoro norfentanyl HCl (Lot #N19-P13A)'
 'N-Benzyl para-fluoro cyclopropyl norfentanyl HCl (Lot #0550264-1)'
 'para-Fluoro fentanyl HCl (Lot #aaa)']"
30,"['EMB-FUBINACA  (Lot #0473498-18)' 'FUB-AMB (Lot #RM-150904-01)'
 '5-Fluoro AEB (Lot #0469229-26)'
 '5-fluoro-MDMB-PINACA (Lot #RM-171024-02)'
 '5-Fluoro-EDMB-PINACA (Lot #0516373-15)' '2-Fluoro-ADB (Lot #0481551-2)'
 '4-Fluoro-ADB  (Lot #0524165-1)' '3-Fluoro-ADB  (Lot #0481552-2)'
 '4-cyano CUMYL-BUTINACA  (Lot #0533353-2)'
 '5-Fluoro-CUMYL-PINACA (Lot #0546719-1)']"
31,"['STS-135 (Lot #0436854-17)'
 'JWH-018 adamantyl-carboxamide   (Lot #0435618-27)'
 '5-Fluoro-ADBICA (Lot #0451075-15)' '5-Fluoro ABICA (Lot #0456711-14)'
 'PX-1 (Lot #0469661-1)' 'AB-CHMICA  (Lot #0471007-15)'
 'MMB-CHMICA (Lot #0470336-17)' 'MDMB-CHMICA (Lot #0490914-16)'
 '5-Fluoro-MDMB-PICA (Lot #0494659-19)']"
32,"['Pentedrone HCl (Lot #ALB225-6)'
 'N-Ethylbuphedrone HCl (Lot #0438716-44)'
 '4-Methyl-alpha-ethylaminopentiophenone HCl (Lot #0456038-23)'
 'Mexedrone HCl (Lot #RM-160203-01)'
 '4-methyl-alpha-ethylaminopentiophenone HCl (Lot #RM-161024-01)'
 '4-Fluoropentedrone HCl (Lot #0464459-21)'
 'alpha-Ethylaminohexanophenone HCl (Lot #0491964-24)'
 '4-Methyl pentedrone HCl (Lot #0507138-4)' 'Temazepam (Lot #56F0687)']"
33,"['Guanidine hydrochloride' 'Nitrocellulose' ' cyclopropylmethylketone'
 '2-Ethylmethcathinone HCl (Lot #0439299-3)'
 '2-Methyl-N-Ethylcathinone HCl (Lot #0436091-13)'
 '2-Methylmethcathinone HCl (Lot #0437035-10)'
 '2-Fluoroethcathinone HCl (Lot #0434902-9)'
 'Sildenafil citrate (Lot #SF520A)']"
34,"['Newberyite' ' Newberyite (Victoria, Australia; NHM OH BM 81517)'
 'Struvite (HUJ)' 'Taranakite (KESW1 white nodule E)'
 'Newberyite__R050513-1__Infrared__Infrared_Data_Processed__1239'
 ' (1S,2S)-(+)-Pseudoephedrine base (Lot #00311CU)'
 'Atropine sulfate monohydrate (Lot #24305MU)'
 ' d,l-Homatropine HBr (Lot #09528JZ)']"
35,"['Nitratine' 'Nitratine' 'Nitratine' 'Weloganite'
 'Nitratine__R050394-1__Infrared__Infrared_Data_Processed__695'
 'Nitratine__R050658-1__Infrared__Infrared_Data_Processed__836'
 'Nitratine__R050658-1__Infrared__Infrared_Data_Processed__922'
 'Weloganite__R050217-1__Infrared__Infrared_Data_Processed__1219']"
36,"['phenoxy resin' ""poly(4 4' dipropoxy 2 2' diphenyl propane fumarate)""
 'EpoFix Resin' 'N-Ethyl-4-methoxyamphetamine HCl (Lot #N13-P58A)'
 '4-Methoxybutyrylfentanyl HCl (Lot #0473920-23)'
 'Tamoxifen (Lot #BCBT3163)'
 'para-Methoxymethamphetamine HCl (Lot #0438332-37)'
 'para-Methoxy furanyl fentanyl HCl (Lot #0546725-1)']"
37,"['5-Fluoro-UR-144 (Lot #0437258-13)' ' A796,260 (Lot #SF0005)'
 'UR-144 (Lot #ALB214-11)' '5-Chloro-UR-144 (Lot #0441217-10)'
 '5-Bromo-UR-144 (Lot #0440444-8)' 'Heptyl UR-144    (Lot #ALB 214-17)'
 ' A-834,735 (Lot #RM-131001-05)' 'FUB-144 (Lot #0549752-1)']"
38,"['5-Fluoro-AB-PINACA  (Lot #RM-130816-02)'
 'AB-PINACA   (Lot #RM-130816-01)' 'MN-24 (Lot #RM-140320-01)'
 '5-Fluoro-MN-24 (Lot #RM-131115-02)'
 'AB-FUBINACA 3-fluorobenzyl isomer (Lot #0455477-17)'
 'AB-FUBINACA 2-fluorobenzyl isomer (Lot #0455357-18)'
 'Benzoyl fentanyl HCl (Lot #N18-P67C)'
 'beta-Hydroxy fentanyl HCl (Lot #0494095-19)']"
39,"['Polyethylene, low Mw ~4,000 by GPC' 'Polyethylene, low Mw ~4,000 by GPC'
 'Triacontane' ' 2-methyl-2-hexanol' ' 2-methyl-2-pentanol'
 ' 3-methyl-3-heptanol' ' 4-methyl-4-heptanol']"
40,"['Duftite' 'Wendwilsonite' 'Starch'
 'Duftite__R050507-1__Infrared__Infrared_Data_Processed__649'
 'Wendwilsonite__R050398-1__Infrared__Infrared_Data_Processed__749'
 'Sucrose (Lot #08519JI)' 'Dextrose anhydrous (Lot #30K0208)']"
41,"[' 2-butanone' ' 2-pentanone' 'Deschloroketamine HCl (Lot #RM-151202-01)'
 'Deschloro-N-ethyl-ketamine HCl (Lot #0455833-25)'
 'Oxandrolone (Lot #D040010)' 'Ketamine HCl (Lot #120M1210V)'
 'Meperidine HCl (Lot #BY-451)']"
42,"['Safrole  (Lot #14802LS)' ' 3,4-MDDMA HCl (Lot #SFL1-RM-0003)'
 ' N-(2-Methoxyethyl)-3,4-methylenedioxyamphetamine HCl (Lot #A1827)'
 ' 3,4-methylenedioxyethylamphetamine HCl (MDEA) (Lot# ALB240-10)'
 ' d,l-3,4-MDMA HCl (Lot #TAD51001A)'
 ' N-Hydroxy-3,4-methylenedioxyamphetamine HCl (Lot #1987-2-19A)'
 ' 3,4-methylenedioxydimethylamphetamine HCl (Lot #266)']"
43,"['beta-Carotene' 'acrylonitrile butadiene' 'nitrile rubber'
 'styrene butadiene' 'polu butadiene acrylonitrile'
 ' 5-Methoxy-N,N-dimethyltryptamine HCl (Lot #H-0414B)']"
44,"['Andradite' 'Braunite' 'Langbanite'
 'Andradite__R050377-1__Infrared__Infrared_Data_Processed__604'
 'Braunite__R050390-1__Infrared__Infrared_Data_Processed__624'
 'Langbanite__R050664-1__Infrared__Infrared_Data_Processed__831']"
45,"['Pharmacolite' 'Scorodite' 'Yttrotungstite-(Y)'
 'Pharmacolite__R050537-9__Infrared__Infrared_Data_Processed__703'
 'Scorodite__R050465-1__Infrared__Infrared_Data_Processed__961'
 'YttrotungstiteY__R050569-1__Infrared__Infrared_Data_Processed__755']"
46,"['Aragonite (fresh coral)' 'Aragonite |(kettle Ofer Bar Yosef)'
 'Cystodytes_spicules_150908' 'monohydracalcite_synthesis_try3_7.07.14'
 'Monohydrocalcite (synthetic)' '*Monohydrocalcite (synthetic)']"
47,"['2C-E HCl (Lot #H-0407)' '25E-NBOMe HCl (Lot #N17-P97B)'
 '2C-T-2 HCl (Lot #N1P31)' '2C-T-7 HCl (Lot #2TDM-198-01)'
 ' 4-Acetoxy-N,N-dimethyltryptamine fumarate (Lot #TAD7MAR08)'
 '4-acetoxy-DET HCl (Lot #0496888-7)']"
48,"['Sucralose' 'D-Mannitol' 'Bayldonite' 'Turquoise (Wards)'
 'Bayldonite__R050670-1__Infrared__Infrared_Data_Processed__876']"
49,"['Calcium hydroxide' 'Portlandite' 'Calcium Hydroxid Ca(OH)2 (Merck)'
 ' DS 1III2 smooth area (very thin), 14.2.07'
 'Portlandite__R070210-1__Infrared__Infrared_Data_Processed__983']"
50,"['Atacamite' 'Clinoclase' 'Atacamite (green crystal)'
 'Atacamite__R050098-1__Infrared__Infrared_Data_Processed__1216'
 'Clinoclase__R070092-1__Infrared__Infrared_Data_Processed__1033']"
51,"['ethylene vinyl alcohol' 'poly(vinyl alcohol)' 'poly(vinyl alcohol)'
 'fibre polyvinyl alcohol' 'mowiol']"
52,['coal' 'coal' 'coal' 'coal' 'coal']
53,"['nitrocellulose' 'Nitrocellulose' ' accetyl ferrocene'
 'Norfentanyl (Lot #0468467-28)' 'PA 1. Green Film']"
54,"['Methiopropamine HCl (Lot #N16-P88A)'
 '2-Fluoromethamphetamine HCl (Lot #N17-P23D)'
 'l-methamphetamine HCl (Lot #STD 570.1)'
 'd-Methamphetamine HCl (Lot #406D)'
 ' d,l-Methamphetamine HCl (Lot #9924)']"
55,"['5-Fluoro-PB-22 (Lot #RM-032013-2)' 'PB-22 (Lot #RM-031113-2)'
 'BB-22    (Lot #0447496-10)' 'FUB-PB-22   (Lot #RM-131008-01)'
 'FDU-PB-22   (Lot #RM-140311-01)']"
56,"['Nandrolone Phenylpropionate (Lot #G647)'
 'Nandrolone Undecanoate (Lot #N11-P26)'
 '1-Dehydro epiandrosterone (Lot #21-SHG-11-1)'
 'Testosterone Enanthate (Lot #734AR)' 'Nandrolone Decanoate (Lot #B1314)']"
57,"['Boldenone Acetate (Lot #S267)' 'Androstadiendione (Lot #15925)'
 'Methandrostenolone (Lot #G675)' 'Crotonyl fentanyl (Lot #0511357-12)'
 'Dexamethasone (Lot #077K1050)']"
58,"[' 1,(5-alpha)-androsten-17-alpha-methyl-17-beta-ol-3-one (Lot #B0365)'
 'ortho-Fluorofentanyl HCl (Lot #RM-160713-01)'
 'ortho-Fluorobutyryl fentanyl HCl (Lot #0513603-3)'
 'Lidocaine base (Lot #109H0171)'
 'meta-Fluoroisobutyryl fentanyl HCl (Lot #0538870-1)']"
59,"['Desmethylflunitrazepam (Lot #71.1B0.3)' 'Clonazepam (Lot #004052)'
 'Lorazepam (Lot #C11672)' 'Oxazepam (Lot #C-002668)'
 'Nitrazepam (Lot #27F0248)']"
60,"['d-Propoxyphene HCl (Lot #311-WW-179)'
 'N-Ethylnorketamine HCl (Lot #36686)'
 '2-Fluoro deschloroketamine HCl  (Lot #0504940-15)'
 '19-Norandrost-4-ene-3beta-ol-17-one (Lot #8-AQL-127-8)'
 '3beta-Hydroxy-4-androstenone (Lot #13-ISU-157-1)']"
61,"['HDPE' 'poly(tetrafluoroethylene)' 'polytetrafluoroethylene'
 'Teflon/PTFE']"
62,"['Sodium Sulfate, Anhydrous' 'Glass beads, acid washed, 150-212 microns'
 'Nahcolite'
 'Nahcolite__R070237-1__Infrared__Infrared_Data_Processed__977']"
63,"['Ammonium chloride' 'Bismuth' 'Argesite'
 'Argesite__R130008__Infrared__Infrared_Data_Processed__1261']"
64,"['TNT' 'Schrockingerite' 'Barium Nitrate (Fluka)'
 'Schrockingerite__R050565-1__Infrared__Infrared_Data_Processed__718']"
65,"['Brucite' 'Brucite'
 'Brucite__R040077-1__Infrared__Infrared_Data_Processed__223'
 'Brucite__R050455-1__Infrared__Infrared_Data_Processed__968']"
66,"['Creedite' 'Creedite__R050141-1__Infrared__Infrared_Data_Processed__776'
 'Cathine Base (Lot #N11-P-17)'
 'O3-Monoacetylmorphine Sulfamate (Lot #N14-P63B)']"
67,"['Diaboleite' 'Diaboleite'
 'Diaboleite__R050270-1__Infrared__Infrared_Data_Processed__645'
 'Diaboleite__R050372-1__Infrared__Infrared_Data_Processed__646']"
68,"['Fluorite' 'Fluorite'
 'Fluorite__R050045-1__Infrared__Infrared_Data_Processed__281'
 'Fluorite__R050046-1__Infrared__Infrared_Data_Processed__282']"
69,"['Gaudefroyite' 'fibre polyetheretherketone'
 'Gaudefroyite__R050675-1__Infrared__Infrared_Data_Processed__828'
 '5-Methoxy-alpha-methyltryptamine HCl (Lot #2TDM-97-02)']"
70,"['Hambergite' 'Hambergite'
 'Hambergite__R050603-1__Infrared__Infrared_Data_Processed__495'
 'Hambergite__R050672-1__Infrared__Infrared_Data_Processed__839']"
71,"['Mendipite' 'Paralaurionite'
 'Mendipite__R050669-1__Infrared__Infrared_Data_Processed__1198'
 'Paralaurionite__R050271-1__Infrared__Infrared_Data_Processed__699']"
72,"['Wardite' 'CaP 5min 13_2_09' 'Brushite (DCPD synthetic)'
 'Wardite__R050643-1__Infrared__Infrared_Data_Processed__748']"
73,"['polyimide' 'Phenylacetone (Lot #ST497F4)' 'Ibuprofen (Lot #26H1368)'
 'N-Phenylethyl-4-piperidone (Lot #10155387)']"
74,"['n vinylpyrrolidone vinyl acetate' 'polyvinylpyrrolidone'
 'Trenbolone Enanthate (Lot #B0498)' 'Trenbolone Acetate (Lot #G01045)']"
75,"['poly(ethylene glycol)' 'poly(ethylene oxide)' 'Polyethyleneglycol (PEG)'
 'Chlorzoxazone (Lot #0536690-1)']"
76,"['Cathine HCl (Lot #284)'
 'N-Methyl-1-(6-Methylpyridin-2-yl)propan-2-amine HCl (Lot #RM-140210-02'
 '(+)-Pseudoephedrine HCl (Lot #359562/1)'
 ' (1S,2S)-(+)-Pseudoephedrine HCl (Lot #14509LR)']"
77,"['Etaqualone HCl (Lot #N17-P55C)'
 '3-(3-Ethylphenyl)-2-methylquinazolin-4(3H)-one HCl (Lot #N17-P60A)'
 '3-(4-Ethylphenyl)-2-methylquinazolin-4(3H)-one HCl (Lot #N17-P62A)'
 'Methaqualone HCl (Lot #SFL1-RM-0005)']"
78,"['Beta-Naphyrone HCl (Lot #2011DEA003-24A)'
 ' 4-estren-3,17-dione (Lot #B1212)' 'AB-FUBICA (Lot #RM-140805-06)'
 'TH-PVP HCl (Lot #RM-160223-02)']"
79,"['4-MPBP HCl (Lot #0435103-10)' 'Pyrovalerone (Lot #0427898-21)'
 '4-Methylbuphedrone HCl  (Lot #0452569-8)' 'Aspirin (Lot #BBL-4607)']"
80,"['Acetylcodeine HCl (Lot #AKF27A)' 'Codeine Sulfate (Lot #62916)'
 'Phenacetin (Lot #01211CU)' 'Codeine HCl dihydrate (Lot #E06-5)']"
81,"['AH-7921 (Lot #RM-022813-2)'
 'Chlorodehydromethyltestosterone (Lot #60303)'
 'alpha-Methylacetyl fentanyl HCl   (Lot #0496094-9)'
 'cis-3-Methyl fentanyl HCl  (Lot #0517885-5)']"
82,"['Midazolam (Lot #812032)' 'Bromazolam (Lot #RM-161026-01)'
 'Alprazolam (Lot #N1P26)' 'Flualprazolam (Lot #0526790-11)']"
83,"['MEP-FUBICA  (Lot #0502952-7)' 'MMB-FUBICA (Lot #0523265-1)'
 'MMB 2201 (Lot #0457890-18)'
 '4-Fluoromethylphenidate HCl (Lot #0480761-9)']"
84,['Calcium nitrate tetrahydrate' 'Sodium bicarbonate' 'Sodium nitrate']
85,"['Biotin' 'Ethylphenidate HCl (Lot #N16-P77E)'
 '5-Fluoro-AMB (Lot #RM-140318-04)']"
86,['Mucic Acid' 'W-18 (Lot #RM-131001-01)' 'W-15 (Lot #RM-131001-03)']
87,['Nylon 6/6 pellets' 'L-Histidine' 'Ammonium acetate']
88,"[""4,4'-Methylene-bis(2-chloroaniline)""
 '3-Furanyl fentanyl HCl (Lot #ALB-288-6)'
 'para-Fluoro 3-furanyl fentanyl HCl (Lot #0512061-4)']"
89,['Benzoic acid' '2-Furoic acid' ' ethyl (a-chloromethyl)acrylate']
90,"['D-(--)-Fructose' 'LGD 4033 (Lot #RM-170505-01)'
 'Diphenhydramine HCl (Lot #14F-0243)']"
91,"['Caffeine' 'Ilvaite'
 'Ilvaite__R050040-1__Infrared__Infrared_Data_Processed__299']"
92,"['Sodium carbonate' 'styrene maleic anhydride'
 'styrene maleic anhydride partial methyl ester']"
93,"['Amarantite'
 'Amarantite__R050153-1__Infrared__Infrared_Data_Processed__963'
 'Inositol (Lot #03031AQ)']"
94,"['Carletonite'
 'Carletonite__R050255-1__Infrared__Infrared_Data_Processed__949'
 'AM1248 (Lot #N1P21)']"
95,"['Pyrite' 'Pyrite__R050190-1__Infrared__Infrared_Data_Processed__854'
 'Mannitol (Lot #5438)']"
96,['silica gel lab' 'quartz sand lab' 'quartz sand beach']
97,['aramid' 'aramid' 'Acetoacetanilide (Lot #15531JH)']
98,['poly(p phenylene ether sulphone)' 'polysulfone' 'polyphenylsulfone']
99,['Guanine anhydrous 225-4000' 'pH 9.4 (15.06.14)' 'pH 2 (15.06.14)']
100,"['008' ' 2,5-Dimethoxyphenethylamine HCl (Lot #MP137-139)'
 'Lisdexamfetamine dimesylate (Lot #2001H)']"
101,"[' N,N-dimethyl-m-toluamide'
 'para-Methyl cyclopropyl fentanyl HCl (Lot #0546724-2)'
 'ortho-Methyl cyclopropyl fentanyl HCl (Lot #0546723-1)']"
102,"[' phenethyl alcohol' 'dl-Amphetamine sulfate (Lot #RM-170927-01)'
 'd-Amphetamine Sulfate (Lot #SFL-0029)']"
103,"[' 4-Acetoxy-N,N-Dimethyltryptamine Oxalate (Lot #H-0705)'
 ' 4-Acetoxy-N,N-dimethyltryptamine HCl  (Lot #RM-180522-01)'
 '4-Acetoxy-MIPT HCl (Lot #0541115-2)']"
104,"['5-APB HCl (Lot #N17-P64B)' '5-MAPB HCl (Lot #RM-131023-02)'
 '5-EAPB HCl   (Lot #0455564-11)']"
105,"[' 2,5-Dimethoxyamphetamine HCl (Lot #AKB29A)'
 'Lauflumide (Lot #RM-160929-03)' 'Levomethorphan (Lot #FC07061501)']"
106,"['4-Fluoromethamphetamine HCl (Lot #N17-P15F)'
 ' 5-Acetoxy-N,N-Dimethyltryptamine Oxalate (Lot #TAD121908)'
 'Citalopram HBr (Lot #LRAA6012)']"
107,"['JWH-250 (Lot #ALB055RC)' 'RCS-8 (Lot #ALB203-21)'
 'JWH-249 (Lot #0435511-6)']"
108,"['3-Fluoromethamphetamine HCl (Lot #N17-P20E)'
 '2-MAPB HCl (Lot #RM-140723-01)' ' 2,3-MDMA HCl (Lot #N17-P48C)']"
109,"['URB-754 (Lot #0438238-10)' 'Methoxphenidine HCl (Lot #0459181-33)'
 'Atomoxetine HCl (Lot #U45VIB182)']"
110,"[' 2,3-Pentylone HCl (Lot #0435925-9)' 'URB602 (Lot #0438099-15)'
 ' 2,3-Methylenedioxymethcathinone HCl (Lot #0433607-19)']"
111,"[' CP 47,497 C8 homologue (Lot #0425163-4)' ' CP 47,497 (Lot #0419860-11)'
 'Butorphanol tartrate (Lot #K1L363)']"
112,"['N-ethylcathinone HCl (Lot #TAD2006)'
 '4-chloro-N-isopropylcathinone HCl (Lot #0483272-8)'
 '4-Chlorobutylcathinone HCl (Lot #RM-160811-01)']"
113,"['25H-NBOMe HCl (Lot #N16-P81A)' '25N-NBOMe HCl (Lot #N18-P16B)'
 'Methocarbamol (Lot #102H7701)']"
114,"['Diisopropyltryptamine HCl (Lot #H-0404)' 'Desipramine HCl (Lot #SM0017)'
 'Imipramine HCl (Lot #79K0847)']"
115,"['AM-2201 Indazole (Lot #0454101-23)' 'U-51754 HCl (Lot #0505031-15)'
 'U-48800 HCl (Lot #0512636-7)']"
116,"['Lormetazepam  (Lot #141.1B01)' 'Methaqualone base (Lot #CE 5-10-91)'
 'Carbamazepine (Lot #MKCD8191)']"
117,"['TFMPP monohydrochloride (Lot #GBFA016743)'
 'Escaline HCl (Lot #0447227-20)'
 'Mescaline sulfate dihydrate (Lot #96667-96K)']"
118,"[' 4-estren-3beta,17beta-diol (Lot #B0115)' 'Ambroxol HCl (Lot #071K1677)'
 'Diosgenin (Lot #101H7711)']"
119,"['4-Methoxy PCP HCl  (Lot #0444879-31)' 'PCP HCl (Lot #SWL08)'
 'Tenocyclidine HCl (Lot #3143-886-53)']"
120,"['Diclazepam (Lot #RM-161026-03)' 'Aminopyrine (Lot #121757)'
 'Antipyrine (Lot# 01929LR)']"
121,"['U-49900 (Lot #0497502-22)' 'Furanyl fentanyl HCl (Lot #ALB-288-12)'
 '2-Furanylbenzyl fentanyl  (Lot #N18-P85D)']"
122,"['Diphenoxylate HCl (Lot #E441724(STL2#51))'
 'O6-Acetylmorphine base (Lot #AKE107A-3)'
 'Carfentanil HCl (purity:  86%) (Lot #RM-181004-01)']"
123,"['Cyclobenzaprine HCl (Lot #BCBJ3705V)' 'Amitriptyline HCl (Lot #31K1578)'
 'Doxepin HCl (Lot #77F00071)']"
124,"['(S)(+)-Chlorpheniramine maleate (Lot #09327AU)'
 'Ergonovine maleate (Lot #080K0955)'
 'Brompheniramine maleate (Lot #111K1531)']"
125,"['Benzidine (Lot #18C0024)' '2-Aminoindan HCl (Lot #07225DA)'
 'Despropionyl para-fluorofentanyl  (Lot #0487834-23)']"
126,"['2-(Dimethylamino)ethanethiol hydrochloride'
 'Androstenediol (Lot #18346)']"
127,"['2,4-Dinitrotoluene' '2,4-Dinitrophenol']"
128,['Fluorene' 'Naloxone HCl dihydrate (Lot #097K1296)']
129,['Powdered Sugar' 'Sucrose']
130,['Phenolphthalein' 'RCS-4 (Lot #N1P38EMG)']
131,['Cholecalciferol' 'Loratadine (Lot #RF0731061)']
132,"['Calcium Chloride'
 ' Lysergic acid N,N-methylpropylamide (LAMPA)  (Lot #698.1B2.2)']"
133,['Lactose (anhydrous)' 'Sigmacell Cellulose (20 um)']
134,"['Aspartame' ' (S,R)-Noscapine base (Lot #13119HS)']"
135,['Melatonin' 'Melatonin (Lot #SLBQ9501V)']
136,['2-Naphthol' 'Olanzapine (Lot #72WRK-EH)']
137,['4-Acetamidophenol' 'URB 597 (Lot #ALB223-1)']
138,['Monolinuron' '5-Fluoro-SDB-005 indole (Lot #RM-140318-06)']
139,"['2-Mercapto-4,6-dimethylpyrimidine hydrate'
 'Methyldienolone (Lot #0495035-7)']"
140,['Poly(vinylidene fluoride)' 'polyisoprene chlorinated']
141,"['Antlerite'
 'Antlerite__R050212-1__Infrared__Infrared_Data_Processed__898']"
142,"['Baddeleyite'
 'Baddeleyite__R060016-1__Infrared__Infrared_Data_Processed__879']"
143,"['Carnallite'
 'Carnallite__R050353-1__Infrared__Infrared_Data_Processed__628']"
144,"['Columbite-(Fe)'
 'ColumbiteFe__R060001-1__Infrared__Infrared_Data_Processed__881']"
145,"['Conichalcite'
 'Conichalcite__R040167-1__Infrared__Infrared_Data_Processed__98']"
146,['Cryolite' 'Cryolite__R050287-1__Infrared__Infrared_Data_Processed__763']
147,['Fluorite' 'Fluorite__R050115-1__Infrared__Infrared_Data_Processed__779']
148,"['Hubnerite'
 'Hubnerite__R050139-1__Infrared__Infrared_Data_Processed__782']"
149,"['Senegalite'
 'Senegalite__R050239-1__Infrared__Infrared_Data_Processed__925']"
150,['Silicon' 'Silicon__R050145-1__Infrared__Infrared_Data_Processed__793']
151,"['Smithsonite'
 'Smithsonite__R040035-1__Infrared__Infrared_Data_Processed__363']"
152,"['Stibiotantalite'
 'Stibiotantalite__R050232-1__Infrared__Infrared_Data_Processed__889']"
153,"['Thomsenolite'
 'Thomsenolite__R050282-1__Infrared__Infrared_Data_Processed__733']"
154,['Zincite' 'Zincite__R050492-1__Infrared__Infrared_Data_Processed__921']
155,['Zincite' 'Zincite__R060027-1__Infrared__Infrared_Data_Processed__882']
156,"['poly(2 4 6 tribromostyrene)'
 'Oxycodone HCl Monohydrate (Lot #1312000123)']"
157,['poly(4 methyl 1 pentene)' ' 2-chloro-4-methylpentane']
158,['poly(phenylene sulfide)' 'dl-N-Methylephedrine HCl (Lot #10675)']
159,['poly(vinylidene fluoride)' 'fibre polyvinylidene fluoride']
160,"['polyacrylamide carboxyl modified'
 'Tianeptine Sodium Salt (Lot #0467324-10)']"
161,['Sodium citrate dihydrate (Baker)' 'Creatine hydrate (Lot #042K0085)']
162,['Urea (Baker)' ' Urea']
163,['xantho' 'Meprobamate (Lot #A159B)']
164,[' 3-chloropropene' 'Phenylpiracetam (Lot #RM-160929-05)']
165,[' p-vinylbenzyl chloride' 'CB-13 (Lot #N1P15)']
166,[' acrylic anhydride' ' tert-butyl acrylate']
167,[' N-vinylformamide' 'Dimenhydrinate (Lot #64H0480)']
168,[' sec-butyl benzoate' 'Cocaine HCl (Lot #N16-P57A-2)']
169,"[' 1,3-Dimethylamylamine HCl (Lot #N1P7)' 'L-Isoleucine (Lot #026K0176)']"
170,['3-Fluoroamphetamine HCl (Lot #N17-P21B)' 'JWH-307 (Lot #0439287-1)']
171,"['4-Fluoroisocathinone HCl (Lot #0433668-11)'
 '5-Iodo-2-aminoindan HCl (Lot #N17-P44A)']"
172,"['Mitragynine (Lot #0439302-1)'
 '2-Chloroethcathinone HCl (Lot #0523269-1)']"
173,"['3-Naphthoylindole (Lot #ALB213-15)'
 '4-Methoxy-PVP HCl (Lot #RM-141015-01)']"
174,['Pravadoline (Lot #K8H81107)' 'Fluoxetine HCl (Lot #LRAA9180)']
175,"['3-Fluoromethcathinone HCl (Lot #TAD3FLU1)'
 '3-Fluoroethcathinone HCl (Lot #0435340-9)']"
176,"['4-Fluoroamphetamine HCl (Lot #N17-P13D)'
 '4-Methylamphetamine HCl (Lot #ALB238-18)']"
177,"['Buphedrone HCl(Lot #RM-031113-4)'
 '4-Fluoromethcathinone HCl (Lot #4-TADFLUA)']"
178,"[' 4,5-(Methylenedioxy)-2-aminoindan HCl (Lot #N16-P75C)'
 'Dimethyltryptamine base (Lot #I-4367)']"
179,"[' 3,4-Dimethoxyamphetamine HCl (Lot #MP150-151 Batch 1)'
 'Papaverine HCl (Lot #2878E)']"
180,"['N-ethylamphetamine HCl (Lot #2TDM-164-01)'
 'N-Butylamphetamine HCl (Lot #ST470-1)']"
181,['Methoxetamine HCl (Lot #N16-P100C)' 'Naproxen (Lot #036K1239)']
182,['5-MeO-DALT Base (Lot #K8H81105)' 'Diltiazem HCl (Lot #115K1399)']
183,"['AM-2201 Benzimidazole  (Lot #RM-131218-06)'
 'JWH-018 Benzimidazole (Lot #RM-131218-04)']"
184,"[' 2,3-Methylenedioxypyrovalerone HCl (Lot #0435485-5)'
 '4-Methyl-1-phenyl-2-(pyrrolidin-1-yl)pentan-1-one HCl (Lot #RM-161101-']"
185,['Phenazepam  (Lot #904.1B0.1)' 'Diazepam (Lot #511064)']
186,"[' 2-(5-Methoxy-1-benzofuran-3-yl)-N,N-dimethylethanamine HCl (Lot #N17-P'
 'Ibogaine HCl  (Lot #67)']"
187,"['Methenolone  (Lot #B0463)'
 ' Androsta-3,5-diene-7,17-dione (Lot #RM-141023-01)']"
188,['5-Fluoro-SDB-005 (Lot #RM-140318-03)' 'Guaifenesin (Lot #17H0244)']
189,['EG-018 (Lot #RM-140805-03)' 'EG-2201 (Lot #0466401-1)']
190,['Cocaine Base (Lot #ENA077)' 'Carbaryl (Lot #418-13C)']
191,"['Codeine Base (Lot #41-NMN-1)'
 'Hydrocodone bitartrate hemipentahydrate (Lot #ENA037)']"
192,"['Heroin Base (Lot #N12-P70B-1)'
 'Heroin Hydrochloride Monohydrate (Lot #N16-P27D)']"
193,"['Trenbolone Hexahydrobenzylcarbonate (Lot #B0499)'
 'Trendione (Lot #RM-150319-01)']"
194,"[' N,N-Dimethylamphetamine HCl (Lot #H-0402-(S)-02)'
 'Bromodiphenhydramine HCl (Lot #5177)']"
195,['Tramadol HCl (Lot #BCBK9246V)' 'Azaperone (Lot #F1F183)']
196,"['Fluoxymesterone (Lot #735DM)'
 'Lidocaine HCl monohydrate (Lot #069K0002V)']"
197,['MN-18 (Lot #0451967-39)' '5-Fluoro MN-18 (Lot #0468172-5)']
198,['Cannabigerol (Lot #0472164-3)' '1-PCC (Lot #03-19-2001)']
199,"['4-(2-aminopropyl)benzofuran HCl (Lot #N17-P87B)'
 'Clobenzorex HCl (Lot #03V0068BB)']"
200,['Phenmetrazine HCl (Lot #08/10/13)' 'Ephedrine base (Lot #02502DU)']
201,"['Testosterone Caproate (Lot #RM-161213-01)'
 'Methenolone acetate (Lot #40048503)']"
202,['Dromostanolone (Lot #G407)' 'Fexofenadine HCl (Lot #C107.01)']
203,['Flunitrazepam (Lot #Ro5-42200/609)' 'Benzoic acid (Lot #058K0006)']
204,"['Carfentanil Citrate (Lot #MDM M09047-12)'
 'Enalapril maleate (Lot #MKCD8689)']"
205,"[' 3-Desoxy-3,4-methylenedioxypyrovalerone HCl (Lot #0464805-21)'
 'Ethyl vanillin (Lot  #02205AE)']"
206,['Pregabalin (Lot #AA0000010)' 'Pyridoxine HCl (Lot #30H0244)']
207,"['alpha-Ethyltryptamine (Lot #0448839-14)'
 'Promethazine HCl (Lot #063K1118)']"
208,"[' 5-Methoxy-N,N-dipropyltryptamine HCl (Lot #ALB-93-4)'
 ' 5-Methoxy-N,N-diisopropyltryptamine HCl (Lot #2TDM-296-01)']"
209,"['Methoxyacetyl fentanyl HCl (Lot #ALB-297-5)'
 'Ocfentanil HCl (Lot #N18-P71G)']"
210,['E-FLEA HCl (Lot #RM-170707-01)' 'Morphine HCl trihydrate (Lot #X07917)']
211,['Nicotinamide (Lot #4219)' 'Isonicotinamide (Lot #00410PK)']
212,['Benzocaine (Lot #055K0751)' '4-Aminobenzoic acid (Lot #MKBT0493V)']
213,"['Quinine HCl dihydrate (Lot #18H0384)'
 'Quinidine HCl monohydrate (Lot #103K0985)']"
214,['Caffeine (Lot #09905EN)' 'Theophylline (Lot #99H0870)']
215,"['t-boc Methamphetamine (Lot #ST533-1)'
 'Citric acid anhydrous (Lot #966752B)']"
216,['Hydroxyzine diHCl (Lot #095K1415)' 'alpha-Lactose (Lot #79H01681)']
217,['Procaine HCl (Lot #00815BO)' 'Tetracaine HCl (Lot #99H1127)']
218,['Trazodone HCl (Lot #060M1651V)' 'Methadone HCl (Lot # A165A (E141978))']
219,['Letrozole (Lot #LRAB3683)' 'Anastrozole (Lot #LRAA8725)']
220,['Salicylic acid (Lot #10226DI)' 'Clonidine HCl (Lot #MKBZ5220V)']
221,"['alpha-Benzyl-N-methylphenethylamine HCl (Lot #2TDM-208-01)'
 'Phenylethylamine HCl (Lot# 61H3899)']"
222,"['4-MA-NBOMe HCl (Lot #0496692-9)'
 '2-Methoxymethamphetamine HCl (Lot #0463975-14)']"
223,"['5-Fluoropentyl-3-pyridinoylindole HCl (Lot #0465894-1)'
 'Clonazolam (Lot #RM-151119-01)']"
224,['Tropacocaine HCl (Lot #21F0236)' 'l-Ephedrine levulinate (Lot #8/90)']
225,"['cis-Cinnamoylcocaine base (Lot #N12P52)'
 'trans-Cinnamoylcocaine base (Lot #N1-P08I)']"
226,"[' d,l-Norephedrine HCl (Lot #082K0989)' 'Norephedrine HCl (Lot #2124DK)']"
227,"[' 5,5-Diphenylhydantoin (Lot #05731CP)'
 'gamma-Hydroxybutyric acid (Lot #69H5232)']"
228,['Theobromine (Lot #093K2507)' 'Barbital (Lot #429050)']
229,['MES hydrate']
230,['Diphenylamine']
231,['Ammonium phosphate dibasic']
232,['Potassium nitrate']
233,['Warfarin']
234,['Benzophenone']
235,['Benzamide']
236,['Bromoxynil']
237,['1-Chloro-3-nitrobenzene']
238,['Pyrene']
239,['Bicine']
240,['Naproxen sodium']
241,"['2,6-Dinitrotoluene']"
242,"['1,2-Diiodotetrafluorobenzene']"
243,['Dicumyl peroxide']
244,['Urea']
245,['Disperse red 1']
246,['Tetraethyl ethenetetracarboxylate']
247,['Avobenzone']
248,['beta-Estradiol']
249,['Dimethyl terephthalate']
250,['Ammonium hydrogen difluoride']
251,['Acenaphthylene']
252,"['4,6-Dinitro-m-xylene']"
253,['gamma-Aminobutyric acid']
254,['Ammonium persulfate']
255,['Albite']
256,['Andradite']
257,['Anorthite']
258,['Antlerite']
259,['Azurite']
260,['Barrerite']
261,['Benstonite']
262,['Beryl']
263,['Beryl']
264,['Bikitaite']
265,['Bobdownsite']
266,['Bournonite']
267,['Brazilianite']
268,['Calcite']
269,['Calcite']
270,['Calcite']
271,['Carletonite']
272,['Cerussite']
273,['Chalcophanite']
274,['Chalcopyrite']
275,['Chalcopyrite']
276,['Clinohumite']
277,['Cornwallite']
278,['Creedite']
279,['Dolomite']
280,['Dolomite']
281,['Elbaite']
282,['Epidote']
283,['Epidote']
284,['Epidote']
285,['Eudialyte']
286,['Fluorapatite']
287,['Fluorapatite']
288,['Fluorite']
289,['Fluor-uvite']
290,['Foitite']
291,['Forsterite']
292,['Goethite']
293,['Grandidierite']
294,['Hopeite']
295,['Inderite']
296,['Jamesonite']
297,['Kornerupine']
298,['Kurnakovite']
299,['Lazulite']
300,['Lecoqite-(Y)']
301,['Leightonite']
302,['Marialite']
303,['Miargyrite']
304,['Microcline']
305,['Molybdenite']
306,['Muscovite']
307,['Muscovite']
308,['Olmiite']
309,['Olmiite']
310,['Orthoclase']
311,['Parahopeite']
312,['Phenakite']
313,['Phlogopite']
314,['Phosphophyllite']
315,['Polylithionite']
316,['Pyrite']
317,['Pyrope']
318,['Pyrope']
319,['Pyrosmalite-(Fe)']
320,['Quartz']
321,['Rhodochrosite']
322,['Rinkite-(Ce)']
323,['Scholzite']
324,['Senegalite']
325,['Serandite']
326,['Shattuckite']
327,['Shortite']
328,['Silicon']
329,['Sphalerite']
330,['Sphalerite']
331,['Spinel']
332,['Spinel']
333,['Spodumene']
334,['Spurrite']
335,['Stannite']
336,['Stephanite']
337,['Stibiotantalite']
338,['Stilbite-Ca']
339,['Strontianite']
340,['Sulphohalite']
341,['Sylvite']
342,['Thomsonite-Ca']
343,['Tilleyite']
344,['Tincalconite']
345,['Tinzenite']
346,['Titanite']
347,['Topaz']
348,['Topaz']
349,['Topaz']
350,['Tremolite']
351,['Tremolite']
352,['Triphylite']
353,['Triplite']
354,['Triplite']
355,['Trona']
356,['Turquoise']
357,['Ullmannite']
358,['Vanadinite']
359,['Vayrynenite']
360,['Vesuvianite']
361,['Vesuvianite']
362,['Volborthite']
363,['Vonsenite']
364,['Whewellite']
365,['Willemite']
366,['Xenotime-(Y)']
367,['Zircon']
368,['poly(2 6 dimethyl p phenylene oxide)']
369,['Huntite (S.Australia; NHMOHB1 1961.94)']
370,['Indigo (Fluka)']
371,['Uric acid']
372,[' 1-bromobutane']
373,[' 1-vinyl-2-pyrolidinone']
374,[' diketene']
375,[' diethyl ether']
376,['Albite__R050253-1__Infrared__Infrared_Data_Processed__1159']
377,['Andradite__R050256-1__Infrared__Infrared_Data_Processed__1162']
378,['Anorthite__R050104-1__Infrared__Infrared_Data_Processed__1074']
379,['Antlerite__R050212-1__Infrared__Infrared_Data_Processed__1094']
380,['Azurite__R050497-1__Infrared__Infrared_Data_Processed__1116']
381,['Barrerite__R050135-1__Infrared__Infrared_Data_Processed__1084']
382,['Benstonite__R050484-1__Infrared__Infrared_Data_Processed__1166']
383,['Beryl__R050120-1__Infrared__Infrared_Data_Processed__1082']
384,['Beryl__R050121-1__Infrared__Infrared_Data_Processed__1071']
385,['Bikitaite__R050160-1__Infrared__Infrared_Data_Processed__1120']
386,['Bobdownsite__R050109-1__Infrared__Infrared_Data_Processed__1066']
387,['Bournonite__R050111-1__Infrared__Infrared_Data_Processed__1059']
388,['Brazilianite__R050126-1__Infrared__Infrared_Data_Processed__1081']
389,['Calcite__R050127-1__Infrared__Infrared_Data_Processed__1077']
390,['Calcite__R050128-1__Infrared__Infrared_Data_Processed__1070']
391,['Calcite__R050130-1__Infrared__Infrared_Data_Processed__976']
392,['Carletonite__R050255-1__Infrared__Infrared_Data_Processed__1161']
393,['Cerussite__R050174-1__Infrared__Infrared_Data_Processed__1124']
394,['Chalcophanite__R050451-1__Infrared__Infrared_Data_Processed__1165']
395,['Chalcopyrite__R050208-1__Infrared__Infrared_Data_Processed__1143']
396,['Chalcopyrite__R050222-1__Infrared__Infrared_Data_Processed__1097']
397,['Clinohumite__R050183-1__Infrared__Infrared_Data_Processed__1126']
398,['Cornwallite__R050469-1__Infrared__Infrared_Data_Processed__1145']
399,['Creedite__R050141-1__Infrared__Infrared_Data_Processed__1085']
400,['Dolomite__R050129-1__Infrared__Infrared_Data_Processed__1065']
401,['Dolomite__R050241-1__Infrared__Infrared_Data_Processed__1157']
402,['Elbaite__R050260-1__Infrared__Infrared_Data_Processed__1111']
403,['Epidote__R050131-1__Infrared__Infrared_Data_Processed__1062']
404,['Epidote__R050191-1__Infrared__Infrared_Data_Processed__1133']
405,['Epidote__R050202-1__Infrared__Infrared_Data_Processed__1141']
406,['Eudialyte__R050230-1__Infrared__Infrared_Data_Processed__1152']
407,['Fluorapatite__R050122-1__Infrared__Infrared_Data_Processed__1079']
408,['Fluorapatite__R050192-1__Infrared__Infrared_Data_Processed__1134']
409,['Fluorite__R050115-1__Infrared__Infrared_Data_Processed__1069']
410,['Fluoruvite__R050172-1__Infrared__Infrared_Data_Processed__1122']
411,['Foitite__R050495-1__Infrared__Infrared_Data_Processed__1115']
412,['Forsterite__R050117-1__Infrared__Infrared_Data_Processed__1076']
413,['Goethite__R050142-1__Infrared__Infrared_Data_Processed__971']
414,['Grandidierite__R050196-1__Infrared__Infrared_Data_Processed__1137']
415,['Hopeite__R050254-1__Infrared__Infrared_Data_Processed__1160']
416,['Inderite__R050195-1__Infrared__Infrared_Data_Processed__1136']
417,['Jamesonite__R050481-1__Infrared__Infrared_Data_Processed__1148']
418,['Kornerupine__R050214-1__Infrared__Infrared_Data_Processed__1095']
419,['Kurnakovite__R050105-1__Infrared__Infrared_Data_Processed__1078']
420,['Lazulite__R050269-1__Infrared__Infrared_Data_Processed__1112']
421,['Leightonite__R050211-1__Infrared__Infrared_Data_Processed__1093']
422,['Marialite__R050123-1__Infrared__Infrared_Data_Processed__1058']
423,['Miargyrite__R050480-1__Infrared__Infrared_Data_Processed__1113']
424,['Microcline__R050193-1__Infrared__Infrared_Data_Processed__1135']
425,['Molybdenite__R050209-1__Infrared__Infrared_Data_Processed__1091']
426,['Muscovite__R050188-1__Infrared__Infrared_Data_Processed__1090']
427,['Muscovite__R050198-1__Infrared__Infrared_Data_Processed__1138']
428,['Olmiite__R050144-1__Infrared__Infrared_Data_Processed__1088']
429,['Olmiite__R050177-1__Infrared__Infrared_Data_Processed__1125']
430,['Orthoclase__R050185-1__Infrared__Infrared_Data_Processed__1128']
431,['Parahopeite__R050463-1__Infrared__Infrared_Data_Processed__1144']
432,['Phenakite__R050137-1__Infrared__Infrared_Data_Processed__1067']
433,['Phlogopite__R050485-1__Infrared__Infrared_Data_Processed__1167']
434,['Phosphophyllite__R050224-1__Infrared__Infrared_Data_Processed__1098']
435,['Polylithionite__R050132-1__Infrared__Infrared_Data_Processed__1087']
436,['Pyrite__R050190-1__Infrared__Infrared_Data_Processed__1132']
437,['Pyrope__R050112-1__Infrared__Infrared_Data_Processed__1083']
438,['Pyrope__R050113-1__Infrared__Infrared_Data_Processed__1073']
439,['PyrosmaliteFe__R050158-1__Infrared__Infrared_Data_Processed__1119']
440,['Quartz__R050125-1__Infrared__Infrared_Data_Processed__1080']
441,['Rhodochrosite__R050116-1__Infrared__Infrared_Data_Processed__1064']
442,['Rinkitece__R050229-1__Infrared__Infrared_Data_Processed__1103']
443,['Scholzite__R050238-9__Infrared__Infrared_Data_Processed__1154']
444,['Senegalite__R050239-1__Infrared__Infrared_Data_Processed__1155']
445,['Serandite__R050261-1__Infrared__Infrared_Data_Processed__1164']
446,['Shattuckite__R050133-1__Infrared__Infrared_Data_Processed__1063']
447,['Shortite__R050248-1__Infrared__Infrared_Data_Processed__1158']
448,['Silicon__R050145-1__Infrared__Infrared_Data_Processed__1060']
449,['Sphalerite__R050140-1__Infrared__Infrared_Data_Processed__1072']
450,['Sphalerite__R050237-1__Infrared__Infrared_Data_Processed__1106']
451,['Spinel__R050184-1__Infrared__Infrared_Data_Processed__1127']
452,['Spinel__R050259-1__Infrared__Infrared_Data_Processed__1117']
453,['Spodumene__R050252-1__Infrared__Infrared_Data_Processed__1110']
454,['Spurrite__R050236-1__Infrared__Infrared_Data_Processed__1105']
455,['Stannite__R050187-9__Infrared__Infrared_Data_Processed__1130']
456,['Stephanite__R050143-1__Infrared__Infrared_Data_Processed__1086']
457,['Stibiotantalite__R050232-1__Infrared__Infrared_Data_Processed__1104']
458,['StilbiteCa__R050106-1__Infrared__Infrared_Data_Processed__1068']
459,['Strontianite__R050476-1__Infrared__Infrared_Data_Processed__1146']
460,['Sulphohalite__R050479-1__Infrared__Infrared_Data_Processed__1147']
461,['Sylvite__R050166-1__Infrared__Infrared_Data_Processed__1121']
462,['ThomsoniteCa__R050103-1__Infrared__Infrared_Data_Processed__1075']
463,['Tilleyite__R050227-1__Infrared__Infrared_Data_Processed__1101']
464,['Tincalconite__R050660-1__Infrared__Infrared_Data_Processed__1149']
465,['Tinzenite__R050251-1__Infrared__Infrared_Data_Processed__1109']
466,['Titanite__R050114-1__Infrared__Infrared_Data_Processed__1061']
467,['Topaz__R050176-1__Infrared__Infrared_Data_Processed__1150']
468,['Topaz__R050199-1__Infrared__Infrared_Data_Processed__1139']
469,['Topaz__R050200-1__Infrared__Infrared_Data_Processed__1140']
470,['Tremolite__R050173-1__Infrared__Infrared_Data_Processed__1123']
471,['Tremolite__R050210-1__Infrared__Infrared_Data_Processed__1092']
472,['Triphylite__R050257-1__Infrared__Infrared_Data_Processed__1163']
473,['Triplite__R050186-1__Infrared__Infrared_Data_Processed__1129']
474,['Triplite__R050226-1__Infrared__Infrared_Data_Processed__1100']
475,['Trona__R050228-1__Infrared__Infrared_Data_Processed__1102']
476,['Turquoise__R050225-1__Infrared__Infrared_Data_Processed__1099']
477,['Ullmannite__R050247-1__Infrared__Infrared_Data_Processed__1108']
478,['Vanadinite__R050189-1__Infrared__Infrared_Data_Processed__1131']
479,['Vayrynenite__R050243-1__Infrared__Infrared_Data_Processed__1107']
480,['Vesuvianite__R050233-1__Infrared__Infrared_Data_Processed__1153']
481,['Vesuvianite__R050489-1__Infrared__Infrared_Data_Processed__1114']
482,['Volborthite__R050216-1__Infrared__Infrared_Data_Processed__1151']
483,['Vonsenite__R050221-1__Infrared__Infrared_Data_Processed__1096']
484,['Whewellite__R050240-1__Infrared__Infrared_Data_Processed__1156']
485,['Willemite__R050652-1__Infrared__Infrared_Data_Processed__1118']
486,['XenotimeY__R050178-1__Infrared__Infrared_Data_Processed__1089']
487,['Zircon__R050203-1__Infrared__Infrared_Data_Processed__1142']
488,"[' A-836,339 (Lot #N1P54EMG)']"
489,['5-MeO-MIPT Base (Lot #SF1797)']
490,['JWH-203 (Lot #K8H81110)']
491,"[' 5,6-(Methylenedioxy)-2-aminoindan HCl (Lot #N16-P73B)']"
492,"[' 6-(2-Aminopropyl)-2,3-Dihydrobenzofuran HCl (Lot #N16-P93B)']"
493,['2-(5-Methoxy-1-benzofuran-3-yl)-N-ethylethamine HCl (Lot #N17-P38B)']
494,['4-Methoxy-N-methylcathinone HCl (Lot #TAD0211)']
495,['2-Fluoroisocathinone HCl (Lot #0450088-3)']
496,"[' 2,3-Dimethylmethcathinone HCl   (Lot #N17-P94D)']"
497,['7-(2-Aminopropyl)benzofuran HCl   (Lot #N17-P66B)']
498,['Etizolam (Lot #17313)']
499,['Phentermine HCl (Lot #11716)']
500,['SDB-006 (Lot #RM-131216-01)']
501,['Cannabidiol (Lot #QCD-64871)']
502,['5-Fluoro-NPB-22 (Lot #RM-140724-02)']
503,['Lorcaserin HCl (Lot #0459056-10)']
504,['Sertraline HCl  (Lot #03137-QCS-10)']
505,['Butalbital (lot #A6A)']
506,['MBZP HCl (Lot #0450568-13)']
507,['Bupropion HCl (Lot #0421509-4)']
508,['Yangonin (Lot #10793)']
509,['3-Fluorophenmetrazine HCl (Lot #RM-170201-01)']
510,['U-47700 base (Lot #0479029-24)']
511,['Racemorphan HBr  (Lot #A75A)']
512,['Cannabinol      (Lot #2167-196-2)']
513,['U-47700 HCl (Lot #RM-160614-01)']
514,['Tapentadol HCl (Lot #1665.1B1.1)']
515,['6-Methoxy Methylone HCl (Lot #0472654-6)']
516,['Clorazepate Dipotassium (Lot #G1F159)']
517,['2-Thiophenoyl fentanyl HCl (Lot #RM-170825-01)']
518,['Methylepitiostanol (Lot #RM-170728-01)']
519,"[""2-Methyl-4'-(methylthio)-2-morpholinopropiophenone (Lot #X4MPL-KH)""]"
520,['THCA-A (Lot #0477793-1)']
521,['Xylazine HCl (Lot #033K0964)']
522,['Acetaminophen (Lot #39115)']
523,['Dimethylsulfone (Lot #09914PI)']
524,['Levamisole HCl (Lot #A0379132)']
525,['Tadalafil (Lot #LRAA8681)']
526,['Gabapentin (Lot #P500049)']
527,['gamma-Hydroxybutyric acid lactone (Lot #ST536-1)']
528,['Dextromethorphan HBr (Lot #52123)']
529,['Metronidazole (Lot #MKBZ3056V)']
530,['Grifulvin (Lot #8593)']
531,['L-Glutamine (Lot #SLBS8600)']
532,['Yohimbine HCl (Lot #04904DR)']
533,['Dipyrone (Lot #98H0925)']
534,['alpha-PVT HCl (Lot #RM-140331-01)']
535,['Buprenorphine HCl (Lot #5801-061A)']
536,['Barbituric acid (Lot #07021HU)']
537,['Fumaric acid (Lot #05114MA)']
538,['Amoxycillin trihydrate (Lot #37)']
539,['Diclofenac sodium (Lot #024K1437)']
540,['Brucine (Lot #313707)']
541,['JWH-018 indazole (Lot #0453581-30)']
542,['Ethanolamine HCl (Lot  #025K5310)']
543,['(R)-(-)-Phenylephrine HCl (Lot #14621MS)']
544,['Famotidine (Lot #053K0820)']
545,['Despropionyl ortho-fluorofentanyl  (Lot #0534824-1)']
546,['Eszopiclone (Lot #029-0014 RS)']
547,['U-47931E (Lot #0541816-1)']
548,['Despropionyl meta-Fluorofentanyl (Lot #0534823-2)']
549,['ortho-Methoxy furanyl fentanyl (Lot #0546722-3)']
